protein_variant,am_pathogenicity,am_class
M1A,0.7048,LPath
M1C,0.74,LPath
M1D,0.9887,LPath
M1E,0.938,LPath
M1F,0.5886,LPath
M1G,0.8007,LPath
M1H,0.9563,LPath
M1I,0.9113,LPath
M1K,0.8909,LPath
M1L,0.4063,Amb
M1N,0.9516,LPath
M1P,0.9324,LPath
M1Q,0.7214,LPath
M1R,0.8448,LPath
M1S,0.8603,LPath
M1T,0.8735,LPath
M1V,0.294,LBen
M1W,0.9022,LPath
M1Y,0.9233,LPath
E2A,0.1865,LBen
E2C,0.9283,LPath
E2D,0.2241,LBen
E2F,0.9468,LPath
E2G,0.3276,LBen
E2H,0.8051,LPath
E2I,0.8887,LPath
E2K,0.8495,LPath
E2L,0.8366,LPath
E2M,0.8955,LPath
E2N,0.5511,Amb
E2P,0.5602,Amb
E2Q,0.3581,Amb
E2R,0.7502,LPath
E2S,0.2746,LBen
E2T,0.4554,Amb
E2V,0.6917,LPath
E2W,0.987,LPath
E2Y,0.8984,LPath
T3A,0.4926,Amb
T3C,0.938,LPath
T3D,0.8064,LPath
T3E,0.7679,LPath
T3F,0.8435,LPath
T3G,0.4684,Amb
T3H,0.8261,LPath
T3I,0.8643,LPath
T3K,0.7392,LPath
T3L,0.763,LPath
T3M,0.7556,LPath
T3N,0.5086,Amb
T3P,0.5286,Amb
T3Q,0.7808,LPath
T3R,0.752,LPath
T3S,0.4829,Amb
T3V,0.7672,LPath
T3W,0.9672,LPath
T3Y,0.8537,LPath
P4A,0.3217,LBen
P4C,0.9464,LPath
P4D,0.8945,LPath
P4E,0.8362,LPath
P4F,0.9586,LPath
P4G,0.5306,Amb
P4H,0.766,LPath
P4I,0.9124,LPath
P4K,0.8733,LPath
P4L,0.8365,LPath
P4M,0.946,LPath
P4N,0.8187,LPath
P4Q,0.6804,LPath
P4R,0.5852,LPath
P4S,0.5032,Amb
P4T,0.4712,Amb
P4V,0.7249,LPath
P4W,0.9786,LPath
P4Y,0.9402,LPath
S5A,0.0847,LBen
S5C,0.145,LBen
S5D,0.7309,LPath
S5E,0.7612,LPath
S5F,0.4084,Amb
S5G,0.0569,LBen
S5H,0.5539,Amb
S5I,0.3163,LBen
S5K,0.8809,LPath
S5L,0.244,LBen
S5M,0.3789,Amb
S5N,0.2115,LBen
S5P,0.203,LBen
S5Q,0.5672,LPath
S5R,0.8136,LPath
S5T,0.0983,LBen
S5V,0.21,LBen
S5W,0.6171,LPath
S5Y,0.4839,Amb
Q6A,0.1532,LBen
Q6C,0.8068,LPath
Q6D,0.678,LPath
Q6E,0.2454,LBen
Q6F,0.8224,LPath
Q6G,0.1297,LBen
Q6H,0.4579,Amb
Q6I,0.6164,LPath
Q6K,0.4447,Amb
Q6L,0.2806,LBen
Q6M,0.5743,LPath
Q6N,0.347,Amb
Q6P,0.0914,LBen
Q6R,0.342,Amb
Q6S,0.1328,LBen
Q6T,0.203,LBen
Q6V,0.3469,Amb
Q6W,0.8979,LPath
Q6Y,0.7651,LPath
R7A,0.651,LPath
R7C,0.6952,LPath
R7D,0.8617,LPath
R7E,0.7181,LPath
R7F,0.8881,LPath
R7G,0.3712,Amb
R7H,0.4058,Amb
R7I,0.7567,LPath
R7K,0.1092,LBen
R7L,0.6067,LPath
R7M,0.8022,LPath
R7N,0.8163,LPath
R7P,0.4902,Amb
R7Q,0.2731,LBen
R7S,0.7414,LPath
R7T,0.6352,LPath
R7V,0.7007,LPath
R7W,0.7613,LPath
R7Y,0.8239,LPath
R8A,0.6631,LPath
R8C,0.7644,LPath
R8D,0.8965,LPath
R8E,0.7745,LPath
R8F,0.8496,LPath
R8G,0.4088,Amb
R8H,0.4684,Amb
R8I,0.7681,LPath
R8K,0.309,LBen
R8L,0.6306,LPath
R8M,0.8528,LPath
R8N,0.8668,LPath
R8P,0.5204,Amb
R8Q,0.3927,Amb
R8S,0.7958,LPath
R8T,0.6857,LPath
R8V,0.7119,LPath
R8W,0.7498,LPath
R8Y,0.8251,LPath
A9C,0.3625,Amb
A9D,0.555,Amb
A9E,0.5405,Amb
A9F,0.3737,Amb
A9G,0.0824,LBen
A9H,0.4409,Amb
A9I,0.3055,LBen
A9K,0.7249,LPath
A9L,0.2229,LBen
A9M,0.3099,LBen
A9N,0.1817,LBen
A9P,0.1191,LBen
A9Q,0.3295,LBen
A9R,0.621,LPath
A9S,0.0727,LBen
A9T,0.0781,LBen
A9V,0.1422,LBen
A9W,0.7261,LPath
A9Y,0.5054,Amb
T10A,0.0722,LBen
T10C,0.3996,Amb
T10D,0.6326,LPath
T10E,0.5983,LPath
T10F,0.3815,Amb
T10G,0.0886,LBen
T10H,0.3423,Amb
T10I,0.3563,Amb
T10K,0.5291,Amb
T10L,0.1908,LBen
T10M,0.2391,LBen
T10N,0.1607,LBen
T10P,0.0655,LBen
T10Q,0.2619,LBen
T10R,0.4015,Amb
T10S,0.0782,LBen
T10V,0.1939,LBen
T10W,0.6964,LPath
T10Y,0.5029,Amb
R11A,0.4704,Amb
R11C,0.5619,Amb
R11D,0.8121,LPath
R11E,0.7222,LPath
R11F,0.7952,LPath
R11G,0.2457,LBen
R11H,0.3597,Amb
R11I,0.6767,LPath
R11K,0.2777,LBen
R11L,0.5232,Amb
R11M,0.811,LPath
R11N,0.7782,LPath
R11P,0.3574,Amb
R11Q,0.3048,LBen
R11S,0.5628,Amb
R11T,0.5031,Amb
R11V,0.5846,LPath
R11W,0.6905,LPath
R11Y,0.7685,LPath
S12A,0.0789,LBen
S12C,0.1332,LBen
S12D,0.6408,LPath
S12E,0.6782,LPath
S12F,0.2975,LBen
S12G,0.0578,LBen
S12H,0.4243,Amb
S12I,0.2778,LBen
S12K,0.7951,LPath
S12L,0.2032,LBen
S12M,0.3019,LBen
S12N,0.1774,LBen
S12P,0.117,LBen
S12Q,0.4663,Amb
S12R,0.7031,LPath
S12T,0.08,LBen
S12V,0.1965,LBen
S12W,0.4455,Amb
S12Y,0.3451,Amb
G13A,0.1083,LBen
G13C,0.2438,LBen
G13D,0.6174,LPath
G13E,0.5859,LPath
G13F,0.6125,LPath
G13H,0.5634,Amb
G13I,0.3326,LBen
G13K,0.8181,LPath
G13L,0.4281,Amb
G13M,0.5233,Amb
G13N,0.3687,Amb
G13P,0.398,Amb
G13Q,0.4975,Amb
G13R,0.6382,LPath
G13S,0.1053,LBen
G13T,0.1253,LBen
G13V,0.1604,LBen
G13W,0.6133,LPath
G13Y,0.5897,LPath
A14C,0.2537,LBen
A14D,0.4252,Amb
A14E,0.3693,Amb
A14F,0.2408,LBen
A14G,0.0591,LBen
A14H,0.308,LBen
A14I,0.1908,LBen
A14K,0.5506,Amb
A14L,0.1305,LBen
A14M,0.2113,LBen
A14N,0.1568,LBen
A14P,0.094,LBen
A14Q,0.2011,LBen
A14R,0.4138,Amb
A14S,0.064,LBen
A14T,0.0707,LBen
A14V,0.0979,LBen
A14W,0.528,Amb
A14Y,0.3597,Amb
Q15A,0.0687,LBen
Q15C,0.4244,Amb
Q15D,0.2977,LBen
Q15E,0.1326,LBen
Q15F,0.4454,Amb
Q15G,0.0754,LBen
Q15H,0.1423,LBen
Q15I,0.2847,LBen
Q15K,0.1731,LBen
Q15L,0.121,LBen
Q15M,0.2621,LBen
Q15N,0.1415,LBen
Q15P,0.0575,LBen
Q15R,0.1475,LBen
Q15S,0.0725,LBen
Q15T,0.0885,LBen
Q15V,0.1386,LBen
Q15W,0.5287,Amb
Q15Y,0.3558,Amb
A16C,0.2878,LBen
A16D,0.4333,Amb
A16E,0.4162,Amb
A16F,0.3011,LBen
A16G,0.0624,LBen
A16H,0.3375,LBen
A16I,0.2472,LBen
A16K,0.6073,LPath
A16L,0.1762,LBen
A16M,0.2592,LBen
A16N,0.1716,LBen
A16P,0.0991,LBen
A16Q,0.2476,LBen
A16R,0.4781,Amb
A16S,0.0701,LBen
A16T,0.08,LBen
A16V,0.1128,LBen
A16W,0.6239,LPath
A16Y,0.3997,Amb
S17A,0.0667,LBen
S17C,0.1144,LBen
S17D,0.5955,LPath
S17E,0.6913,LPath
S17F,0.2739,LBen
S17G,0.0569,LBen
S17H,0.3884,Amb
S17I,0.2496,LBen
S17K,0.786,LPath
S17L,0.1861,LBen
S17M,0.2913,LBen
S17N,0.1623,LBen
S17P,0.1061,LBen
S17Q,0.4624,Amb
S17R,0.6887,LPath
S17T,0.0769,LBen
S17V,0.1571,LBen
S17W,0.4748,Amb
S17Y,0.3429,Amb
S18A,0.0729,LBen
S18C,0.1079,LBen
S18D,0.6091,LPath
S18E,0.7019,LPath
S18F,0.3111,LBen
S18G,0.0561,LBen
S18H,0.3645,Amb
S18I,0.271,LBen
S18K,0.7931,LPath
S18L,0.1915,LBen
S18M,0.302,LBen
S18N,0.1517,LBen
S18P,0.1452,LBen
S18Q,0.4434,Amb
S18R,0.6912,LPath
S18T,0.0806,LBen
S18V,0.1715,LBen
S18W,0.4985,Amb
S18Y,0.358,Amb
T19A,0.3087,LBen
T19C,0.8336,LPath
T19D,0.8999,LPath
T19E,0.9069,LPath
T19F,0.7398,LPath
T19G,0.3292,LBen
T19H,0.7026,LPath
T19I,0.8412,LPath
T19K,0.7926,LPath
T19L,0.5266,Amb
T19M,0.6247,LPath
T19N,0.5834,LPath
T19P,0.2328,LBen
T19Q,0.6635,LPath
T19R,0.6548,LPath
T19S,0.2024,LBen
T19V,0.6051,LPath
T19W,0.9244,LPath
T19Y,0.8355,LPath
P20A,0.4008,Amb
P20C,0.9252,LPath
P20D,0.9762,LPath
P20E,0.9591,LPath
P20F,0.9546,LPath
P20G,0.7267,LPath
P20H,0.8412,LPath
P20I,0.8745,LPath
P20K,0.9671,LPath
P20L,0.732,LPath
P20M,0.9144,LPath
P20N,0.8978,LPath
P20Q,0.8327,LPath
P20R,0.8635,LPath
P20S,0.6276,LPath
P20T,0.5977,LPath
P20V,0.6583,LPath
P20W,0.9847,LPath
P20Y,0.9552,LPath
L21A,0.5637,Amb
L21C,0.8556,LPath
L21D,0.9783,LPath
L21E,0.9158,LPath
L21F,0.6152,LPath
L21G,0.7929,LPath
L21H,0.8283,LPath
L21I,0.3647,Amb
L21K,0.7898,LPath
L21M,0.3779,Amb
L21N,0.8901,LPath
L21P,0.6999,LPath
L21Q,0.6393,LPath
L21R,0.5406,Amb
L21S,0.8074,LPath
L21T,0.6773,LPath
L21V,0.2532,LBen
L21W,0.8416,LPath
L21Y,0.8365,LPath
S22A,0.8211,LPath
S22C,0.968,LPath
S22D,0.9969,LPath
S22E,0.9954,LPath
S22F,0.9854,LPath
S22G,0.9283,LPath
S22H,0.9811,LPath
S22I,0.9867,LPath
S22K,0.9988,LPath
S22L,0.9684,LPath
S22M,0.9829,LPath
S22N,0.9914,LPath
S22P,0.9743,LPath
S22Q,0.9877,LPath
S22R,0.9981,LPath
S22T,0.6507,LPath
S22V,0.9867,LPath
S22W,0.9795,LPath
S22Y,0.987,LPath
P23A,0.9063,LPath
P23C,0.9969,LPath
P23D,0.9974,LPath
P23E,0.9954,LPath
P23F,0.9986,LPath
P23G,0.9792,LPath
P23H,0.9894,LPath
P23I,0.9972,LPath
P23K,0.9971,LPath
P23L,0.9847,LPath
P23M,0.9974,LPath
P23N,0.9966,LPath
P23Q,0.9882,LPath
P23R,0.9779,LPath
P23S,0.9763,LPath
P23T,0.9757,LPath
P23V,0.9839,LPath
P23W,0.9989,LPath
P23Y,0.9979,LPath
T24A,0.1364,LBen
T24C,0.7983,LPath
T24D,0.9644,LPath
T24E,0.9591,LPath
T24F,0.9283,LPath
T24G,0.4912,Amb
T24H,0.8659,LPath
T24I,0.9659,LPath
T24K,0.9428,LPath
T24L,0.6506,LPath
T24M,0.7184,LPath
T24N,0.5332,Amb
T24P,0.7282,LPath
T24Q,0.805,LPath
T24R,0.8465,LPath
T24S,0.3497,Amb
T24V,0.7725,LPath
T24W,0.9834,LPath
T24Y,0.9301,LPath
R25A,0.98,LPath
R25C,0.9334,LPath
R25D,0.9963,LPath
R25E,0.9851,LPath
R25F,0.9934,LPath
R25G,0.9686,LPath
R25H,0.9236,LPath
R25I,0.9748,LPath
R25K,0.845,LPath
R25L,0.9507,LPath
R25M,0.9915,LPath
R25N,0.9953,LPath
R25P,0.9904,LPath
R25Q,0.9032,LPath
R25S,0.9927,LPath
R25T,0.9878,LPath
R25V,0.9577,LPath
R25W,0.9773,LPath
R25Y,0.986,LPath
I26A,0.9823,LPath
I26C,0.9906,LPath
I26D,0.997,LPath
I26E,0.9901,LPath
I26F,0.7431,LPath
I26G,0.9943,LPath
I26H,0.9819,LPath
I26K,0.983,LPath
I26L,0.4726,Amb
I26M,0.5451,Amb
I26N,0.9812,LPath
I26P,0.9903,LPath
I26Q,0.9705,LPath
I26R,0.9583,LPath
I26S,0.9856,LPath
I26T,0.991,LPath
I26V,0.6794,LPath
I26W,0.9702,LPath
I26Y,0.9213,LPath
T27A,0.9191,LPath
T27C,0.991,LPath
T27D,0.9847,LPath
T27E,0.9936,LPath
T27F,0.9907,LPath
T27G,0.8866,LPath
T27H,0.9652,LPath
T27I,0.9969,LPath
T27K,0.9872,LPath
T27L,0.9611,LPath
T27M,0.9727,LPath
T27N,0.9249,LPath
T27P,0.94,LPath
T27Q,0.9662,LPath
T27R,0.9773,LPath
T27S,0.4436,Amb
T27V,0.9828,LPath
T27W,0.9963,LPath
T27Y,0.9925,LPath
R28A,0.998,LPath
R28C,0.9988,LPath
R28D,0.9991,LPath
R28E,0.9975,LPath
R28F,0.9995,LPath
R28G,0.9979,LPath
R28H,0.9969,LPath
R28I,0.9988,LPath
R28K,0.9948,LPath
R28L,0.9928,LPath
R28M,0.9998,LPath
R28N,0.9997,LPath
R28P,0.9952,LPath
R28Q,0.9967,LPath
R28S,0.9992,LPath
R28T,0.9994,LPath
R28V,0.9978,LPath
R28W,0.9966,LPath
R28Y,0.9986,LPath
L29A,0.8804,LPath
L29C,0.965,LPath
L29D,0.9952,LPath
L29E,0.9444,LPath
L29F,0.8386,LPath
L29G,0.9684,LPath
L29H,0.9406,LPath
L29I,0.2807,LBen
L29K,0.9076,LPath
L29M,0.3076,LBen
L29N,0.9627,LPath
L29P,0.9962,LPath
L29Q,0.7424,LPath
L29R,0.8348,LPath
L29S,0.968,LPath
L29T,0.911,LPath
L29V,0.4243,Amb
L29W,0.9359,LPath
L29Y,0.9385,LPath
Q30A,0.7674,LPath
Q30C,0.9953,LPath
Q30D,0.9874,LPath
Q30E,0.5997,LPath
Q30F,0.9961,LPath
Q30G,0.9006,LPath
Q30H,0.9665,LPath
Q30I,0.9779,LPath
Q30K,0.7109,LPath
Q30L,0.8746,LPath
Q30M,0.9075,LPath
Q30N,0.9741,LPath
Q30P,0.9964,LPath
Q30R,0.6793,LPath
Q30S,0.8974,LPath
Q30T,0.8678,LPath
Q30V,0.9263,LPath
Q30W,0.9915,LPath
Q30Y,0.9952,LPath
E31A,0.9948,LPath
E31C,0.9995,LPath
E31D,0.999,LPath
E31F,0.9999,LPath
E31G,0.9918,LPath
E31H,0.9997,LPath
E31I,0.9996,LPath
E31K,0.9987,LPath
E31L,0.9994,LPath
E31M,0.9996,LPath
E31N,0.9998,LPath
E31P,0.9998,LPath
E31Q,0.9862,LPath
E31R,0.9972,LPath
E31S,0.9991,LPath
E31T,0.9993,LPath
E31V,0.9984,LPath
E31W,0.9999,LPath
E31Y,0.9998,LPath
K32A,0.9967,LPath
K32C,0.9994,LPath
K32D,0.9992,LPath
K32E,0.9973,LPath
K32F,0.9999,LPath
K32G,0.9957,LPath
K32H,0.9965,LPath
K32I,0.999,LPath
K32L,0.9979,LPath
K32M,0.9953,LPath
K32N,0.9995,LPath
K32P,0.9997,LPath
K32Q,0.9916,LPath
K32R,0.7353,LPath
K32S,0.9995,LPath
K32T,0.9939,LPath
K32V,0.9979,LPath
K32W,0.9998,LPath
K32Y,0.9992,LPath
E33A,0.4171,Amb
E33C,0.9656,LPath
E33D,0.4063,Amb
E33F,0.9744,LPath
E33G,0.5662,LPath
E33H,0.8562,LPath
E33I,0.8573,LPath
E33K,0.6834,LPath
E33L,0.8472,LPath
E33M,0.8524,LPath
E33N,0.7199,LPath
E33P,0.9978,LPath
E33Q,0.3069,LBen
E33R,0.6732,LPath
E33S,0.6282,LPath
E33T,0.6758,LPath
E33V,0.6169,LPath
E33W,0.989,LPath
E33Y,0.9474,LPath
D34A,0.8231,LPath
D34C,0.9913,LPath
D34E,0.4692,Amb
D34F,0.9815,LPath
D34G,0.9404,LPath
D34H,0.951,LPath
D34I,0.9711,LPath
D34K,0.9759,LPath
D34L,0.9584,LPath
D34M,0.9802,LPath
D34N,0.7503,LPath
D34P,0.9993,LPath
D34Q,0.8779,LPath
D34R,0.9762,LPath
D34S,0.8359,LPath
D34T,0.9226,LPath
D34V,0.8993,LPath
D34W,0.9972,LPath
D34Y,0.9156,LPath
L35A,0.9953,LPath
L35C,0.9991,LPath
L35D,0.9999,LPath
L35E,0.9993,LPath
L35F,0.9947,LPath
L35G,0.999,LPath
L35H,0.9997,LPath
L35I,0.9344,LPath
L35K,0.9986,LPath
L35M,0.7902,LPath
L35N,0.9994,LPath
L35P,0.9999,LPath
L35Q,0.9991,LPath
L35R,0.9972,LPath
L35S,0.9995,LPath
L35T,0.9974,LPath
L35V,0.9821,LPath
L35W,0.9988,LPath
L35Y,0.9987,LPath
Q36A,0.3973,Amb
Q36C,0.8797,LPath
Q36D,0.9951,LPath
Q36E,0.5987,LPath
Q36F,0.9916,LPath
Q36G,0.6953,LPath
Q36H,0.9596,LPath
Q36I,0.9,LPath
Q36K,0.6266,LPath
Q36L,0.7845,LPath
Q36M,0.7074,LPath
Q36N,0.9641,LPath
Q36P,0.9971,LPath
Q36R,0.4899,Amb
Q36S,0.5268,Amb
Q36T,0.6631,LPath
Q36V,0.7321,LPath
Q36W,0.9903,LPath
Q36Y,0.9917,LPath
E37A,0.3765,Amb
E37C,0.912,LPath
E37D,0.321,LBen
E37F,0.9425,LPath
E37G,0.3909,Amb
E37H,0.6307,LPath
E37I,0.904,LPath
E37K,0.802,LPath
E37L,0.8069,LPath
E37M,0.8422,LPath
E37N,0.3582,Amb
E37P,0.9968,LPath
E37Q,0.2671,LBen
E37R,0.8012,LPath
E37S,0.4387,Amb
E37T,0.6939,LPath
E37V,0.7053,LPath
E37W,0.9854,LPath
E37Y,0.8554,LPath
L38A,0.9967,LPath
L38C,0.9994,LPath
L38D,0.9999,LPath
L38E,0.9996,LPath
L38F,0.9993,LPath
L38G,0.9988,LPath
L38H,0.9998,LPath
L38I,0.9844,LPath
L38K,0.9985,LPath
L38M,0.986,LPath
L38N,0.9995,LPath
L38P,0.9999,LPath
L38Q,0.9997,LPath
L38R,0.9978,LPath
L38S,0.9999,LPath
L38T,0.9987,LPath
L38V,0.994,LPath
L38W,0.9994,LPath
L38Y,0.9991,LPath
N39A,0.9994,LPath
N39C,0.9986,LPath
N39D,0.9995,LPath
N39E,0.9995,LPath
N39F,0.9998,LPath
N39G,0.9965,LPath
N39H,0.9988,LPath
N39I,0.9994,LPath
N39K,0.9997,LPath
N39L,0.9978,LPath
N39M,0.9995,LPath
N39P,0.9968,LPath
N39Q,0.9996,LPath
N39R,0.9987,LPath
N39S,0.9941,LPath
N39T,0.9979,LPath
N39V,0.9993,LPath
N39W,0.9997,LPath
N39Y,0.9978,LPath
D40A,0.9972,LPath
D40C,0.9995,LPath
D40E,0.9925,LPath
D40F,0.9992,LPath
D40G,0.9927,LPath
D40H,0.9943,LPath
D40I,0.9995,LPath
D40K,0.9989,LPath
D40L,0.998,LPath
D40M,0.9997,LPath
D40N,0.8761,LPath
D40P,0.9999,LPath
D40Q,0.9975,LPath
D40R,0.9977,LPath
D40S,0.9754,LPath
D40T,0.9947,LPath
D40V,0.9973,LPath
D40W,0.9997,LPath
D40Y,0.9913,LPath
R41A,0.9993,LPath
R41C,0.998,LPath
R41D,0.999,LPath
R41E,0.9965,LPath
R41F,0.9998,LPath
R41G,0.9994,LPath
R41H,0.9909,LPath
R41I,0.9991,LPath
R41K,0.9752,LPath
R41L,0.9964,LPath
R41M,0.9998,LPath
R41N,0.9995,LPath
R41P,0.9998,LPath
R41Q,0.9877,LPath
R41S,0.9996,LPath
R41T,0.9993,LPath
R41V,0.9991,LPath
R41W,0.9988,LPath
R41Y,0.9994,LPath
L42A,0.9983,LPath
L42C,0.9997,LPath
L42D,1.0,LPath
L42E,0.9997,LPath
L42F,0.9874,LPath
L42G,0.9996,LPath
L42H,0.9998,LPath
L42I,0.9936,LPath
L42K,0.9987,LPath
L42M,0.9754,LPath
L42N,0.9999,LPath
L42P,0.9999,LPath
L42Q,0.9998,LPath
L42R,0.9983,LPath
L42S,1.0,LPath
L42T,0.9995,LPath
L42V,0.9971,LPath
L42W,0.999,LPath
L42Y,0.9988,LPath
A43C,0.9872,LPath
A43D,0.9996,LPath
A43E,0.9988,LPath
A43F,0.9898,LPath
A43G,0.958,LPath
A43H,0.9974,LPath
A43I,0.9965,LPath
A43K,0.9994,LPath
A43L,0.9629,LPath
A43M,0.993,LPath
A43N,0.9989,LPath
A43P,0.9994,LPath
A43Q,0.9922,LPath
A43R,0.9903,LPath
A43S,0.8889,LPath
A43T,0.9943,LPath
A43V,0.9869,LPath
A43W,0.9981,LPath
A43Y,0.9963,LPath
V44A,0.5056,Amb
V44C,0.7369,LPath
V44D,0.9313,LPath
V44E,0.8881,LPath
V44F,0.5263,Amb
V44G,0.599,LPath
V44H,0.8517,LPath
V44I,0.1294,LBen
V44K,0.9147,LPath
V44L,0.5353,Amb
V44M,0.4833,Amb
V44N,0.5507,Amb
V44P,0.9962,LPath
V44Q,0.7538,LPath
V44R,0.8265,LPath
V44S,0.5617,Amb
V44T,0.4682,Amb
V44W,0.9765,LPath
V44Y,0.8714,LPath
Y45A,0.998,LPath
Y45C,0.9974,LPath
Y45D,0.9994,LPath
Y45E,0.9998,LPath
Y45F,0.8562,LPath
Y45G,0.9967,LPath
Y45H,0.9996,LPath
Y45I,0.9936,LPath
Y45K,0.9998,LPath
Y45L,0.9679,LPath
Y45M,0.9974,LPath
Y45N,0.9987,LPath
Y45P,0.9995,LPath
Y45Q,0.9998,LPath
Y45R,0.9992,LPath
Y45S,0.9959,LPath
Y45T,0.998,LPath
Y45V,0.9833,LPath
Y45W,0.9916,LPath
I46A,0.9984,LPath
I46C,1.0,LPath
I46D,1.0,LPath
I46E,0.9994,LPath
I46F,0.9975,LPath
I46G,0.9999,LPath
I46H,1.0,LPath
I46K,0.9997,LPath
I46L,0.9493,LPath
I46M,0.9746,LPath
I46N,0.9998,LPath
I46P,0.9997,LPath
I46Q,0.9997,LPath
I46R,0.9985,LPath
I46S,0.9995,LPath
I46T,0.9988,LPath
I46V,0.975,LPath
I46W,0.9995,LPath
I46Y,0.9995,LPath
D47A,0.9622,LPath
D47C,0.9942,LPath
D47E,0.606,LPath
D47F,0.9962,LPath
D47G,0.9556,LPath
D47H,0.9765,LPath
D47I,0.9968,LPath
D47K,0.9939,LPath
D47L,0.988,LPath
D47M,0.9981,LPath
D47N,0.9032,LPath
D47P,0.9994,LPath
D47Q,0.9633,LPath
D47R,0.9864,LPath
D47S,0.9031,LPath
D47T,0.9845,LPath
D47V,0.9868,LPath
D47W,0.9987,LPath
D47Y,0.9761,LPath
R48A,0.9817,LPath
R48C,0.9452,LPath
R48D,0.9943,LPath
R48E,0.9741,LPath
R48F,0.9958,LPath
R48G,0.9708,LPath
R48H,0.7614,LPath
R48I,0.9827,LPath
R48K,0.2207,LBen
R48L,0.9547,LPath
R48M,0.9788,LPath
R48N,0.9919,LPath
R48P,0.9992,LPath
R48Q,0.7475,LPath
R48S,0.9911,LPath
R48T,0.9179,LPath
R48V,0.9687,LPath
R48W,0.9717,LPath
R48Y,0.9874,LPath
V49A,0.9943,LPath
V49C,0.9809,LPath
V49D,0.9987,LPath
V49E,0.995,LPath
V49F,0.9693,LPath
V49G,0.9751,LPath
V49H,0.9959,LPath
V49I,0.8351,LPath
V49K,0.9963,LPath
V49L,0.9929,LPath
V49M,0.9497,LPath
V49N,0.9768,LPath
V49P,0.9991,LPath
V49Q,0.9801,LPath
V49R,0.9846,LPath
V49S,0.9836,LPath
V49T,0.9877,LPath
V49W,0.9982,LPath
V49Y,0.9918,LPath
R50A,0.9969,LPath
R50C,0.9842,LPath
R50D,0.9991,LPath
R50E,0.9925,LPath
R50F,0.999,LPath
R50G,0.993,LPath
R50H,0.9402,LPath
R50I,0.9973,LPath
R50K,0.9316,LPath
R50L,0.9863,LPath
R50M,0.9988,LPath
R50N,0.9976,LPath
R50P,0.9996,LPath
R50Q,0.9211,LPath
R50S,0.9981,LPath
R50T,0.9981,LPath
R50V,0.9967,LPath
R50W,0.9895,LPath
R50Y,0.9969,LPath
S51A,0.133,LBen
S51C,0.2255,LBen
S51D,0.8928,LPath
S51E,0.8586,LPath
S51F,0.3501,Amb
S51G,0.2276,LBen
S51H,0.5476,Amb
S51I,0.7229,LPath
S51K,0.9668,LPath
S51L,0.3415,Amb
S51M,0.3787,Amb
S51N,0.4697,Amb
S51P,0.9993,LPath
S51Q,0.6581,LPath
S51R,0.9419,LPath
S51T,0.2483,LBen
S51V,0.599,LPath
S51W,0.6575,LPath
S51Y,0.3844,Amb
L52A,0.9923,LPath
L52C,0.9991,LPath
L52D,0.9999,LPath
L52E,0.9989,LPath
L52F,0.9975,LPath
L52G,0.9984,LPath
L52H,0.9996,LPath
L52I,0.9803,LPath
L52K,0.9976,LPath
L52M,0.9519,LPath
L52N,0.9996,LPath
L52P,0.9999,LPath
L52Q,0.9981,LPath
L52R,0.9945,LPath
L52S,0.9996,LPath
L52T,0.9972,LPath
L52V,0.976,LPath
L52W,0.9985,LPath
L52Y,0.9986,LPath
E53A,0.9864,LPath
E53C,0.9991,LPath
E53D,0.9985,LPath
E53F,0.9999,LPath
E53G,0.9906,LPath
E53H,0.9987,LPath
E53I,0.9994,LPath
E53K,0.9964,LPath
E53L,0.9984,LPath
E53M,0.9988,LPath
E53N,0.9994,LPath
E53P,0.9999,LPath
E53Q,0.9073,LPath
E53R,0.9908,LPath
E53S,0.9951,LPath
E53T,0.9962,LPath
E53V,0.9965,LPath
E53W,0.9999,LPath
E53Y,0.9996,LPath
T54A,0.0851,LBen
T54C,0.4552,Amb
T54D,0.715,LPath
T54E,0.5981,LPath
T54F,0.4881,Amb
T54G,0.1826,LBen
T54H,0.4651,Amb
T54I,0.3131,LBen
T54K,0.6467,LPath
T54L,0.1161,LBen
T54M,0.0928,LBen
T54N,0.1536,LBen
T54P,0.9806,LPath
T54Q,0.3482,Amb
T54R,0.5917,LPath
T54S,0.1011,LBen
T54V,0.1888,LBen
T54W,0.8027,LPath
T54Y,0.5616,Amb
E55A,0.9275,LPath
E55C,0.9985,LPath
E55D,0.8678,LPath
E55F,0.9993,LPath
E55G,0.9499,LPath
E55H,0.9942,LPath
E55I,0.9958,LPath
E55K,0.9763,LPath
E55L,0.9926,LPath
E55M,0.995,LPath
E55N,0.9889,LPath
E55P,0.9998,LPath
E55Q,0.813,LPath
E55R,0.9677,LPath
E55S,0.9639,LPath
E55T,0.9744,LPath
E55V,0.9807,LPath
E55W,0.9997,LPath
E55Y,0.9985,LPath
N56A,0.997,LPath
N56C,0.9947,LPath
N56D,0.999,LPath
N56E,0.9982,LPath
N56F,0.9995,LPath
N56G,0.9951,LPath
N56H,0.994,LPath
N56I,0.9841,LPath
N56K,0.9939,LPath
N56L,0.9893,LPath
N56M,0.9927,LPath
N56P,0.9996,LPath
N56Q,0.9983,LPath
N56R,0.9951,LPath
N56S,0.9935,LPath
N56T,0.9873,LPath
N56V,0.9741,LPath
N56W,0.9997,LPath
N56Y,0.9858,LPath
A57C,0.7732,LPath
A57D,0.9087,LPath
A57E,0.8299,LPath
A57F,0.8243,LPath
A57G,0.4805,Amb
A57H,0.8051,LPath
A57I,0.8291,LPath
A57K,0.9533,LPath
A57L,0.5559,Amb
A57M,0.6486,LPath
A57N,0.6238,LPath
A57P,0.998,LPath
A57Q,0.6474,LPath
A57R,0.8435,LPath
A57S,0.1753,LBen
A57T,0.3108,LBen
A57V,0.5725,LPath
A57W,0.9676,LPath
A57Y,0.8882,LPath
G58A,0.2427,LBen
G58C,0.4233,Amb
G58D,0.8857,LPath
G58E,0.8397,LPath
G58F,0.856,LPath
G58H,0.8164,LPath
G58I,0.5723,LPath
G58K,0.9351,LPath
G58L,0.7193,LPath
G58M,0.7288,LPath
G58N,0.6811,LPath
G58P,0.9986,LPath
G58Q,0.7408,LPath
G58R,0.8238,LPath
G58S,0.1977,LBen
G58T,0.2926,LBen
G58V,0.3324,LBen
G58W,0.8611,LPath
G58Y,0.8362,LPath
L59A,0.9943,LPath
L59C,0.9976,LPath
L59D,0.9998,LPath
L59E,0.9987,LPath
L59F,0.9858,LPath
L59G,0.9972,LPath
L59H,0.998,LPath
L59I,0.9534,LPath
L59K,0.9966,LPath
L59M,0.9051,LPath
L59N,0.9974,LPath
L59P,0.9997,LPath
L59Q,0.9965,LPath
L59R,0.9933,LPath
L59S,0.9991,LPath
L59T,0.9976,LPath
L59V,0.9777,LPath
L59W,0.9929,LPath
L59Y,0.9891,LPath
R60A,0.9549,LPath
R60C,0.7769,LPath
R60D,0.9879,LPath
R60E,0.9272,LPath
R60F,0.9733,LPath
R60G,0.8953,LPath
R60H,0.4916,Amb
R60I,0.9366,LPath
R60K,0.5042,Amb
R60L,0.7538,LPath
R60M,0.923,LPath
R60N,0.9671,LPath
R60P,0.9971,LPath
R60Q,0.4137,Amb
R60S,0.9613,LPath
R60T,0.9246,LPath
R60V,0.9317,LPath
R60W,0.8107,LPath
R60Y,0.9216,LPath
L61A,0.7705,LPath
L61C,0.8201,LPath
L61D,0.984,LPath
L61E,0.8965,LPath
L61F,0.5721,LPath
L61G,0.8858,LPath
L61H,0.754,LPath
L61I,0.2405,LBen
L61K,0.7624,LPath
L61M,0.1551,LBen
L61N,0.8945,LPath
L61P,0.9955,LPath
L61Q,0.4525,Amb
L61R,0.6044,LPath
L61S,0.8853,LPath
L61T,0.7811,LPath
L61V,0.1986,LBen
L61W,0.7539,LPath
L61Y,0.8075,LPath
R62A,0.9511,LPath
R62C,0.8555,LPath
R62D,0.9897,LPath
R62E,0.9288,LPath
R62F,0.9913,LPath
R62G,0.9431,LPath
R62H,0.6722,LPath
R62I,0.9537,LPath
R62K,0.3795,Amb
R62L,0.8127,LPath
R62M,0.939,LPath
R62N,0.9861,LPath
R62P,0.998,LPath
R62Q,0.4222,Amb
R62S,0.9785,LPath
R62T,0.9537,LPath
R62V,0.9458,LPath
R62W,0.9324,LPath
R62Y,0.9781,LPath
I63A,0.9935,LPath
I63C,0.9932,LPath
I63D,0.9996,LPath
I63E,0.9978,LPath
I63F,0.9767,LPath
I63G,0.9982,LPath
I63H,0.9983,LPath
I63K,0.9967,LPath
I63L,0.7905,LPath
I63M,0.7561,LPath
I63N,0.9932,LPath
I63P,0.9995,LPath
I63Q,0.9963,LPath
I63R,0.9932,LPath
I63S,0.9948,LPath
I63T,0.9958,LPath
I63V,0.3354,LBen
I63W,0.9971,LPath
I63Y,0.9947,LPath
T64A,0.2651,LBen
T64C,0.8134,LPath
T64D,0.8825,LPath
T64E,0.7718,LPath
T64F,0.8556,LPath
T64G,0.4111,Amb
T64H,0.6262,LPath
T64I,0.8767,LPath
T64K,0.7063,LPath
T64L,0.5061,Amb
T64M,0.3633,Amb
T64N,0.4953,Amb
T64P,0.9677,LPath
T64Q,0.4729,Amb
T64R,0.5813,LPath
T64S,0.1897,LBen
T64V,0.6764,LPath
T64W,0.9363,LPath
T64Y,0.8678,LPath
E65A,0.7468,LPath
E65C,0.9953,LPath
E65D,0.843,LPath
E65F,0.9972,LPath
E65G,0.7873,LPath
E65H,0.9742,LPath
E65I,0.9817,LPath
E65K,0.9233,LPath
E65L,0.9772,LPath
E65M,0.9791,LPath
E65N,0.9448,LPath
E65P,0.9988,LPath
E65Q,0.6241,LPath
E65R,0.9129,LPath
E65S,0.7993,LPath
E65T,0.8448,LPath
E65V,0.9131,LPath
E65W,0.9991,LPath
E65Y,0.9943,LPath
S66A,0.2858,LBen
S66C,0.5318,Amb
S66D,0.9558,LPath
S66E,0.9082,LPath
S66F,0.8911,LPath
S66G,0.3773,Amb
S66H,0.7984,LPath
S66I,0.8655,LPath
S66K,0.9627,LPath
S66L,0.7322,LPath
S66M,0.6344,LPath
S66N,0.6712,LPath
S66P,0.9987,LPath
S66Q,0.8203,LPath
S66R,0.9578,LPath
S66T,0.2303,LBen
S66V,0.7687,LPath
S66W,0.8641,LPath
S66Y,0.7432,LPath
E67A,0.871,LPath
E67C,0.9971,LPath
E67D,0.7887,LPath
E67F,0.9986,LPath
E67G,0.8401,LPath
E67H,0.9839,LPath
E67I,0.992,LPath
E67K,0.9173,LPath
E67L,0.9847,LPath
E67M,0.9859,LPath
E67N,0.9574,LPath
E67P,0.9988,LPath
E67Q,0.6724,LPath
E67R,0.9146,LPath
E67S,0.9021,LPath
E67T,0.9335,LPath
E67V,0.9574,LPath
E67W,0.999,LPath
E67Y,0.9968,LPath
E68A,0.5601,Amb
E68C,0.9919,LPath
E68D,0.2806,LBen
E68F,0.9913,LPath
E68G,0.6045,LPath
E68H,0.9567,LPath
E68I,0.9301,LPath
E68K,0.9032,LPath
E68L,0.9348,LPath
E68M,0.9279,LPath
E68N,0.772,LPath
E68P,0.9973,LPath
E68Q,0.6781,LPath
E68R,0.9168,LPath
E68S,0.6556,LPath
E68T,0.6037,LPath
E68V,0.726,LPath
E68W,0.997,LPath
E68Y,0.9816,LPath
V69A,0.3772,Amb
V69C,0.9248,LPath
V69D,0.5566,Amb
V69E,0.2475,LBen
V69F,0.5464,Amb
V69G,0.2816,LBen
V69H,0.8308,LPath
V69I,0.1797,LBen
V69K,0.7291,LPath
V69L,0.6695,LPath
V69M,0.4047,Amb
V69N,0.4829,Amb
V69P,0.9889,LPath
V69Q,0.4922,Amb
V69R,0.7287,LPath
V69S,0.4087,Amb
V69T,0.2292,LBen
V69W,0.9652,LPath
V69Y,0.8542,LPath
V70A,0.6822,LPath
V70C,0.9261,LPath
V70D,0.9399,LPath
V70E,0.8345,LPath
V70F,0.5725,LPath
V70G,0.6911,LPath
V70H,0.9102,LPath
V70I,0.1254,LBen
V70K,0.8734,LPath
V70L,0.6635,LPath
V70M,0.572,LPath
V70N,0.8214,LPath
V70P,0.9872,LPath
V70Q,0.7534,LPath
V70R,0.7908,LPath
V70S,0.6979,LPath
V70T,0.4731,Amb
V70W,0.974,LPath
V70Y,0.8965,LPath
S71A,0.2002,LBen
S71C,0.321,LBen
S71D,0.85,LPath
S71E,0.8757,LPath
S71F,0.7362,LPath
S71G,0.1461,LBen
S71H,0.6792,LPath
S71I,0.6989,LPath
S71K,0.9496,LPath
S71L,0.3967,Amb
S71M,0.5002,Amb
S71N,0.3595,Amb
S71P,0.9827,LPath
S71Q,0.7391,LPath
S71R,0.9182,LPath
S71T,0.102,LBen
S71V,0.6048,LPath
S71W,0.8223,LPath
S71Y,0.6946,LPath
R72A,0.9707,LPath
R72C,0.9439,LPath
R72D,0.987,LPath
R72E,0.9433,LPath
R72F,0.9955,LPath
R72G,0.9169,LPath
R72H,0.7477,LPath
R72I,0.9861,LPath
R72K,0.5463,Amb
R72L,0.9402,LPath
R72M,0.9848,LPath
R72N,0.9873,LPath
R72P,0.9952,LPath
R72Q,0.6373,LPath
R72S,0.981,LPath
R72T,0.9633,LPath
R72V,0.9761,LPath
R72W,0.9406,LPath
R72Y,0.9865,LPath
E73A,0.9391,LPath
E73C,0.9967,LPath
E73D,0.887,LPath
E73F,0.9988,LPath
E73G,0.9331,LPath
E73H,0.9909,LPath
E73I,0.9951,LPath
E73K,0.985,LPath
E73L,0.9956,LPath
E73M,0.9947,LPath
E73N,0.9829,LPath
E73P,0.999,LPath
E73Q,0.8647,LPath
E73R,0.9729,LPath
E73S,0.9606,LPath
E73T,0.9653,LPath
E73V,0.9743,LPath
E73W,0.9993,LPath
E73Y,0.9964,LPath
V74A,0.875,LPath
V74C,0.9737,LPath
V74D,0.9704,LPath
V74E,0.9076,LPath
V74F,0.8296,LPath
V74G,0.6821,LPath
V74H,0.9775,LPath
V74I,0.177,LBen
V74K,0.914,LPath
V74L,0.6374,LPath
V74M,0.6887,LPath
V74N,0.9058,LPath
V74P,0.9956,LPath
V74Q,0.8995,LPath
V74R,0.8742,LPath
V74S,0.9095,LPath
V74T,0.7815,LPath
V74W,0.9901,LPath
V74Y,0.9542,LPath
S75A,0.1292,LBen
S75C,0.2385,LBen
S75D,0.8478,LPath
S75E,0.8773,LPath
S75F,0.5838,LPath
S75G,0.0977,LBen
S75H,0.6534,LPath
S75I,0.546,Amb
S75K,0.9178,LPath
S75L,0.2362,LBen
S75M,0.3522,Amb
S75N,0.3574,Amb
S75P,0.958,LPath
S75Q,0.7449,LPath
S75R,0.8833,LPath
S75T,0.0687,LBen
S75V,0.4105,Amb
S75W,0.7552,LPath
S75Y,0.6421,LPath
G76A,0.4946,Amb
G76C,0.7359,LPath
G76D,0.9432,LPath
G76E,0.9545,LPath
G76F,0.9767,LPath
G76H,0.9368,LPath
G76I,0.9203,LPath
G76K,0.9866,LPath
G76L,0.949,LPath
G76M,0.955,LPath
G76N,0.7499,LPath
G76P,0.999,LPath
G76Q,0.925,LPath
G76R,0.951,LPath
G76S,0.2873,LBen
G76T,0.558,Amb
G76V,0.7657,LPath
G76W,0.9661,LPath
G76Y,0.9657,LPath
I77A,0.9879,LPath
I77C,0.9889,LPath
I77D,0.9992,LPath
I77E,0.9967,LPath
I77F,0.7784,LPath
I77G,0.9967,LPath
I77H,0.9967,LPath
I77K,0.9952,LPath
I77L,0.3249,LBen
I77M,0.3533,Amb
I77N,0.9903,LPath
I77P,0.9979,LPath
I77Q,0.9929,LPath
I77R,0.9921,LPath
I77S,0.99,LPath
I77T,0.9866,LPath
I77V,0.3156,LBen
I77W,0.9838,LPath
I77Y,0.9748,LPath
K78A,0.9934,LPath
K78C,0.9942,LPath
K78D,0.9997,LPath
K78E,0.9958,LPath
K78F,0.9996,LPath
K78G,0.9935,LPath
K78H,0.9729,LPath
K78I,0.9969,LPath
K78L,0.9904,LPath
K78M,0.99,LPath
K78N,0.9993,LPath
K78P,0.999,LPath
K78Q,0.9274,LPath
K78R,0.2212,LBen
K78S,0.9974,LPath
K78T,0.982,LPath
K78V,0.9914,LPath
K78W,0.9989,LPath
K78Y,0.9983,LPath
A79C,0.5432,Amb
A79D,0.6451,LPath
A79E,0.5456,Amb
A79F,0.4814,Amb
A79G,0.1582,LBen
A79H,0.6047,LPath
A79I,0.3341,LBen
A79K,0.7933,LPath
A79L,0.1906,LBen
A79M,0.229,LBen
A79N,0.286,LBen
A79P,0.9878,LPath
A79Q,0.4228,Amb
A79R,0.7185,LPath
A79S,0.0987,LBen
A79T,0.0946,LBen
A79V,0.1385,LBen
A79W,0.8765,LPath
A79Y,0.6725,LPath
A80C,0.7894,LPath
A80D,0.9697,LPath
A80E,0.9489,LPath
A80F,0.8793,LPath
A80G,0.6863,LPath
A80H,0.9318,LPath
A80I,0.7959,LPath
A80K,0.9837,LPath
A80L,0.4788,Amb
A80M,0.6445,LPath
A80N,0.8565,LPath
A80P,0.997,LPath
A80Q,0.8323,LPath
A80R,0.9263,LPath
A80S,0.3086,LBen
A80T,0.4101,Amb
A80V,0.5051,Amb
A80W,0.9882,LPath
A80Y,0.9495,LPath
Y81A,0.9977,LPath
Y81C,0.9877,LPath
Y81D,0.9992,LPath
Y81E,0.9998,LPath
Y81F,0.3776,Amb
Y81G,0.993,LPath
Y81H,0.9978,LPath
Y81I,0.9968,LPath
Y81K,0.9997,LPath
Y81L,0.9583,LPath
Y81M,0.993,LPath
Y81N,0.9975,LPath
Y81P,0.9998,LPath
Y81Q,0.9997,LPath
Y81R,0.9983,LPath
Y81S,0.995,LPath
Y81T,0.998,LPath
Y81V,0.986,LPath
Y81W,0.8727,LPath
E82A,0.9063,LPath
E82C,0.9972,LPath
E82D,0.8492,LPath
E82F,0.9979,LPath
E82G,0.9257,LPath
E82H,0.9852,LPath
E82I,0.9904,LPath
E82K,0.9629,LPath
E82L,0.9803,LPath
E82M,0.9874,LPath
E82N,0.9755,LPath
E82P,0.9996,LPath
E82Q,0.7329,LPath
E82R,0.9515,LPath
E82S,0.9399,LPath
E82T,0.9576,LPath
E82V,0.9532,LPath
E82W,0.9992,LPath
E82Y,0.996,LPath
A83C,0.5672,LPath
A83D,0.7009,LPath
A83E,0.5778,LPath
A83F,0.6289,LPath
A83G,0.1856,LBen
A83H,0.6592,LPath
A83I,0.5105,Amb
A83K,0.8069,LPath
A83L,0.2905,LBen
A83M,0.2678,LBen
A83N,0.319,LBen
A83P,0.9968,LPath
A83Q,0.4466,Amb
A83R,0.7384,LPath
A83S,0.0899,LBen
A83T,0.0824,LBen
A83V,0.218,LBen
A83W,0.9031,LPath
A83Y,0.7562,LPath
E84A,0.9785,LPath
E84C,0.9979,LPath
E84D,0.9951,LPath
E84F,0.9995,LPath
E84G,0.9888,LPath
E84H,0.9972,LPath
E84I,0.9983,LPath
E84K,0.9951,LPath
E84L,0.998,LPath
E84M,0.9984,LPath
E84N,0.9985,LPath
E84P,0.9997,LPath
E84Q,0.9623,LPath
E84R,0.9897,LPath
E84S,0.99,LPath
E84T,0.9948,LPath
E84V,0.9919,LPath
E84W,0.9998,LPath
E84Y,0.9987,LPath
L85A,0.9875,LPath
L85C,0.9973,LPath
L85D,0.9998,LPath
L85E,0.998,LPath
L85F,0.9976,LPath
L85G,0.9967,LPath
L85H,0.999,LPath
L85I,0.772,LPath
L85K,0.9921,LPath
L85M,0.8938,LPath
L85N,0.9971,LPath
L85P,0.9998,LPath
L85Q,0.9973,LPath
L85R,0.9878,LPath
L85S,0.9993,LPath
L85T,0.9921,LPath
L85V,0.885,LPath
L85W,0.9982,LPath
L85Y,0.9978,LPath
G86A,0.0785,LBen
G86C,0.2735,LBen
G86D,0.6804,LPath
G86E,0.6139,LPath
G86F,0.7966,LPath
G86H,0.6628,LPath
G86I,0.5222,Amb
G86K,0.8628,LPath
G86L,0.4683,Amb
G86M,0.5098,Amb
G86N,0.3963,Amb
G86P,0.9979,LPath
G86Q,0.5387,Amb
G86R,0.7304,LPath
G86S,0.0876,LBen
G86T,0.1619,LBen
G86V,0.2896,LBen
G86W,0.7722,LPath
G86Y,0.7481,LPath
D87A,0.9436,LPath
D87C,0.9957,LPath
D87E,0.9034,LPath
D87F,0.991,LPath
D87G,0.9628,LPath
D87H,0.9774,LPath
D87I,0.991,LPath
D87K,0.9928,LPath
D87L,0.9783,LPath
D87M,0.9951,LPath
D87N,0.8877,LPath
D87P,0.9995,LPath
D87Q,0.986,LPath
D87R,0.989,LPath
D87S,0.9354,LPath
D87T,0.9807,LPath
D87V,0.9634,LPath
D87W,0.9985,LPath
D87Y,0.9613,LPath
A88C,0.8444,LPath
A88D,0.9992,LPath
A88E,0.9968,LPath
A88F,0.98,LPath
A88G,0.8795,LPath
A88H,0.9942,LPath
A88I,0.9514,LPath
A88K,0.9986,LPath
A88L,0.648,LPath
A88M,0.8764,LPath
A88N,0.9919,LPath
A88P,0.9997,LPath
A88Q,0.9859,LPath
A88R,0.9904,LPath
A88S,0.6613,LPath
A88T,0.4809,Amb
A88V,0.7633,LPath
A88W,0.9974,LPath
A88Y,0.9925,LPath
R89A,0.9994,LPath
R89C,0.9958,LPath
R89D,0.9999,LPath
R89E,0.998,LPath
R89F,0.9998,LPath
R89G,0.9983,LPath
R89H,0.9923,LPath
R89I,0.9994,LPath
R89K,0.9713,LPath
R89L,0.9967,LPath
R89M,0.9997,LPath
R89N,0.9998,LPath
R89P,0.9997,LPath
R89Q,0.9872,LPath
R89S,0.9997,LPath
R89T,0.9997,LPath
R89V,0.9988,LPath
R89W,0.9952,LPath
R89Y,0.9991,LPath
K90A,0.6415,LPath
K90C,0.8113,LPath
K90D,0.9391,LPath
K90E,0.6742,LPath
K90F,0.953,LPath
K90G,0.7507,LPath
K90H,0.4552,Amb
K90I,0.7483,LPath
K90L,0.6405,LPath
K90M,0.5492,Amb
K90N,0.8113,LPath
K90P,0.9953,LPath
K90Q,0.1945,LBen
K90R,0.0898,LBen
K90S,0.7701,LPath
K90T,0.4612,Amb
K90V,0.5976,LPath
K90W,0.9409,LPath
K90Y,0.913,LPath
T91A,0.4442,Amb
T91C,0.8848,LPath
T91D,0.9722,LPath
T91E,0.9605,LPath
T91F,0.949,LPath
T91G,0.7809,LPath
T91H,0.9235,LPath
T91I,0.8353,LPath
T91K,0.9591,LPath
T91L,0.481,Amb
T91M,0.4612,Amb
T91N,0.6741,LPath
T91P,0.9821,LPath
T91Q,0.8828,LPath
T91R,0.9481,LPath
T91S,0.6142,LPath
T91V,0.5759,LPath
T91W,0.9918,LPath
T91Y,0.9478,LPath
L92A,0.9761,LPath
L92C,0.9914,LPath
L92D,0.9999,LPath
L92E,0.9989,LPath
L92F,0.9974,LPath
L92G,0.9974,LPath
L92H,0.9988,LPath
L92I,0.7174,LPath
L92K,0.9968,LPath
L92M,0.89,LPath
L92N,0.9984,LPath
L92P,0.9997,LPath
L92Q,0.9966,LPath
L92R,0.9891,LPath
L92S,0.9981,LPath
L92T,0.9844,LPath
L92V,0.6416,LPath
L92W,0.9982,LPath
L92Y,0.9985,LPath
D93A,0.9975,LPath
D93C,0.9999,LPath
D93E,0.9975,LPath
D93F,0.9995,LPath
D93G,0.9966,LPath
D93H,0.9989,LPath
D93I,0.9997,LPath
D93K,0.9997,LPath
D93L,0.9982,LPath
D93M,0.9999,LPath
D93N,0.9935,LPath
D93P,0.9999,LPath
D93Q,0.9995,LPath
D93R,0.9991,LPath
D93S,0.9963,LPath
D93T,0.9993,LPath
D93V,0.9985,LPath
D93W,0.9999,LPath
D93Y,0.9962,LPath
S94A,0.0869,LBen
S94C,0.2075,LBen
S94D,0.6908,LPath
S94E,0.7352,LPath
S94F,0.4354,Amb
S94G,0.1134,LBen
S94H,0.642,LPath
S94I,0.3376,LBen
S94K,0.9499,LPath
S94L,0.1646,LBen
S94M,0.2321,LBen
S94N,0.2442,LBen
S94P,0.9965,LPath
S94Q,0.6613,LPath
S94R,0.9338,LPath
S94T,0.1038,LBen
S94V,0.2665,LBen
S94W,0.7357,LPath
S94Y,0.5155,Amb
V95A,0.8887,LPath
V95C,0.9831,LPath
V95D,0.9953,LPath
V95E,0.9544,LPath
V95F,0.9367,LPath
V95G,0.9492,LPath
V95H,0.9942,LPath
V95I,0.2869,LBen
V95K,0.9902,LPath
V95L,0.8851,LPath
V95M,0.7889,LPath
V95N,0.9795,LPath
V95P,0.9997,LPath
V95Q,0.9674,LPath
V95R,0.9848,LPath
V95S,0.9356,LPath
V95T,0.6381,LPath
V95W,0.9986,LPath
V95Y,0.9933,LPath
A96C,0.9668,LPath
A96D,0.9989,LPath
A96E,0.995,LPath
A96F,0.9822,LPath
A96G,0.8751,LPath
A96H,0.982,LPath
A96I,0.9981,LPath
A96K,0.9992,LPath
A96L,0.942,LPath
A96M,0.9875,LPath
A96N,0.9913,LPath
A96P,0.9993,LPath
A96Q,0.9785,LPath
A96R,0.9893,LPath
A96S,0.5645,LPath
A96T,0.9772,LPath
A96V,0.9898,LPath
A96W,0.9957,LPath
A96Y,0.9896,LPath
K97A,0.9008,LPath
K97C,0.9445,LPath
K97D,0.9911,LPath
K97E,0.9406,LPath
K97F,0.9946,LPath
K97G,0.8857,LPath
K97H,0.8331,LPath
K97I,0.9651,LPath
K97L,0.8987,LPath
K97M,0.8688,LPath
K97N,0.9684,LPath
K97P,0.9963,LPath
K97Q,0.602,LPath
K97R,0.1107,LBen
K97S,0.9534,LPath
K97T,0.8448,LPath
K97V,0.8878,LPath
K97W,0.9841,LPath
K97Y,0.9799,LPath
E98A,0.9561,LPath
E98C,0.9977,LPath
E98D,0.4751,Amb
E98F,0.9989,LPath
E98G,0.9163,LPath
E98H,0.992,LPath
E98I,0.995,LPath
E98K,0.9862,LPath
E98L,0.9927,LPath
E98M,0.9956,LPath
E98N,0.9656,LPath
E98P,0.9996,LPath
E98Q,0.8983,LPath
E98R,0.9842,LPath
E98S,0.9573,LPath
E98T,0.9831,LPath
E98V,0.98,LPath
E98W,0.9993,LPath
E98Y,0.9951,LPath
R99A,0.9902,LPath
R99C,0.9665,LPath
R99D,0.9943,LPath
R99E,0.9749,LPath
R99F,0.9982,LPath
R99G,0.9685,LPath
R99H,0.8502,LPath
R99I,0.9939,LPath
R99K,0.5932,LPath
R99L,0.9693,LPath
R99M,0.9933,LPath
R99N,0.9822,LPath
R99P,0.9996,LPath
R99Q,0.857,LPath
R99S,0.9944,LPath
R99T,0.9883,LPath
R99V,0.9887,LPath
R99W,0.9794,LPath
R99Y,0.9825,LPath
A100C,0.9862,LPath
A100D,0.9979,LPath
A100E,0.9964,LPath
A100F,0.9861,LPath
A100G,0.9235,LPath
A100H,0.9928,LPath
A100I,0.9964,LPath
A100K,0.9991,LPath
A100L,0.9527,LPath
A100M,0.9917,LPath
A100N,0.9928,LPath
A100P,0.9991,LPath
A100Q,0.9893,LPath
A100R,0.9887,LPath
A100S,0.8057,LPath
A100T,0.9737,LPath
A100V,0.987,LPath
A100W,0.9972,LPath
A100Y,0.9923,LPath
R101A,0.8665,LPath
R101C,0.5553,Amb
R101D,0.9762,LPath
R101E,0.8998,LPath
R101F,0.9014,LPath
R101G,0.7666,LPath
R101H,0.2375,LBen
R101I,0.8584,LPath
R101K,0.3012,LBen
R101L,0.686,LPath
R101M,0.8513,LPath
R101N,0.9412,LPath
R101P,0.9977,LPath
R101Q,0.2844,LBen
R101S,0.9145,LPath
R101T,0.843,LPath
R101V,0.8192,LPath
R101W,0.5865,LPath
R101Y,0.7998,LPath
L102A,0.8991,LPath
L102C,0.9137,LPath
L102D,0.9971,LPath
L102E,0.9734,LPath
L102F,0.7711,LPath
L102G,0.9719,LPath
L102H,0.941,LPath
L102I,0.4984,Amb
L102K,0.9744,LPath
L102M,0.3322,LBen
L102N,0.9671,LPath
L102P,0.9997,LPath
L102Q,0.8587,LPath
L102R,0.9512,LPath
L102S,0.9678,LPath
L102T,0.926,LPath
L102V,0.5194,Amb
L102W,0.9212,LPath
L102Y,0.9016,LPath
Q103A,0.7424,LPath
Q103C,0.9923,LPath
Q103D,0.9819,LPath
Q103E,0.4873,Amb
Q103F,0.99,LPath
Q103G,0.8749,LPath
Q103H,0.9619,LPath
Q103I,0.966,LPath
Q103K,0.9357,LPath
Q103L,0.7756,LPath
Q103M,0.8547,LPath
Q103N,0.9187,LPath
Q103P,0.9991,LPath
Q103R,0.932,LPath
Q103S,0.7618,LPath
Q103T,0.8188,LPath
Q103V,0.9001,LPath
Q103W,0.9975,LPath
Q103Y,0.9919,LPath
L104A,0.9766,LPath
L104C,0.9957,LPath
L104D,0.9992,LPath
L104E,0.9962,LPath
L104F,0.9767,LPath
L104G,0.99,LPath
L104H,0.9964,LPath
L104I,0.4067,Amb
L104K,0.9925,LPath
L104M,0.6209,LPath
L104N,0.9938,LPath
L104P,0.9995,LPath
L104Q,0.9928,LPath
L104R,0.989,LPath
L104S,0.9974,LPath
L104T,0.9853,LPath
L104V,0.6468,LPath
L104W,0.9918,LPath
L104Y,0.9931,LPath
E105A,0.7996,LPath
E105C,0.9911,LPath
E105D,0.4522,Amb
E105F,0.9953,LPath
E105G,0.876,LPath
E105H,0.971,LPath
E105I,0.9831,LPath
E105K,0.9785,LPath
E105L,0.9587,LPath
E105M,0.9807,LPath
E105N,0.9342,LPath
E105P,0.9992,LPath
E105Q,0.7188,LPath
E105R,0.9657,LPath
E105S,0.8576,LPath
E105T,0.9466,LPath
E105V,0.9331,LPath
E105W,0.9983,LPath
E105Y,0.9884,LPath
L106A,0.6791,LPath
L106C,0.6651,LPath
L106D,0.9814,LPath
L106E,0.9051,LPath
L106F,0.5836,LPath
L106G,0.8708,LPath
L106H,0.7095,LPath
L106I,0.3294,LBen
L106K,0.8904,LPath
L106M,0.3027,LBen
L106N,0.7234,LPath
L106P,0.9989,LPath
L106Q,0.6583,LPath
L106R,0.7797,LPath
L106S,0.8671,LPath
L106T,0.8265,LPath
L106V,0.2291,LBen
L106W,0.7795,LPath
L106Y,0.5783,LPath
S107A,0.1931,LBen
S107C,0.435,Amb
S107D,0.9238,LPath
S107E,0.9546,LPath
S107F,0.8476,LPath
S107G,0.0773,LBen
S107H,0.8655,LPath
S107I,0.7862,LPath
S107K,0.9897,LPath
S107L,0.493,Amb
S107M,0.6188,LPath
S107N,0.4319,Amb
S107P,0.9903,LPath
S107Q,0.8988,LPath
S107R,0.9813,LPath
S107T,0.1625,LBen
S107V,0.6815,LPath
S107W,0.9293,LPath
S107Y,0.8565,LPath
K108A,0.8624,LPath
K108C,0.9631,LPath
K108D,0.9771,LPath
K108E,0.9321,LPath
K108F,0.9925,LPath
K108G,0.8819,LPath
K108H,0.7195,LPath
K108I,0.9609,LPath
K108L,0.9084,LPath
K108M,0.878,LPath
K108N,0.9419,LPath
K108P,0.9957,LPath
K108Q,0.5979,LPath
K108R,0.1416,LBen
K108S,0.9208,LPath
K108T,0.7728,LPath
K108V,0.8854,LPath
K108W,0.9871,LPath
K108Y,0.9806,LPath
V109A,0.5067,Amb
V109C,0.8482,LPath
V109D,0.9464,LPath
V109E,0.8674,LPath
V109F,0.5044,Amb
V109G,0.5749,LPath
V109H,0.9415,LPath
V109I,0.1152,LBen
V109K,0.9538,LPath
V109L,0.3192,LBen
V109M,0.3933,Amb
V109N,0.7924,LPath
V109P,0.9964,LPath
V109Q,0.8452,LPath
V109R,0.9359,LPath
V109S,0.6609,LPath
V109T,0.4983,Amb
V109W,0.9633,LPath
V109Y,0.8356,LPath
R110A,0.621,LPath
R110C,0.422,Amb
R110D,0.872,LPath
R110E,0.5141,Amb
R110F,0.8802,LPath
R110G,0.3614,Amb
R110H,0.213,LBen
R110I,0.7012,LPath
R110K,0.1192,LBen
R110L,0.5059,Amb
R110M,0.599,LPath
R110N,0.766,LPath
R110P,0.9871,LPath
R110Q,0.1118,LBen
R110S,0.6755,LPath
R110T,0.4385,Amb
R110V,0.6515,LPath
R110W,0.4383,Amb
R110Y,0.7366,LPath
E111A,0.5581,Amb
E111C,0.9859,LPath
E111D,0.316,LBen
E111F,0.9882,LPath
E111G,0.4897,Amb
E111H,0.9596,LPath
E111I,0.9402,LPath
E111K,0.9156,LPath
E111L,0.9209,LPath
E111M,0.9342,LPath
E111N,0.8175,LPath
E111P,0.9983,LPath
E111Q,0.6335,LPath
E111R,0.9336,LPath
E111S,0.6709,LPath
E111T,0.7282,LPath
E111V,0.7883,LPath
E111W,0.9953,LPath
E111Y,0.976,LPath
E112A,0.5244,Amb
E112C,0.9798,LPath
E112D,0.1155,LBen
E112F,0.9827,LPath
E112G,0.5989,LPath
E112H,0.9291,LPath
E112I,0.8903,LPath
E112K,0.9004,LPath
E112L,0.8829,LPath
E112M,0.9162,LPath
E112N,0.6082,LPath
E112P,0.9971,LPath
E112Q,0.6013,LPath
E112R,0.9074,LPath
E112S,0.6098,LPath
E112T,0.7026,LPath
E112V,0.7211,LPath
E112W,0.9941,LPath
E112Y,0.9469,LPath
F113A,0.6685,LPath
F113C,0.2168,LBen
F113D,0.9279,LPath
F113E,0.9157,LPath
F113G,0.8138,LPath
F113H,0.1912,LBen
F113I,0.5389,Amb
F113K,0.9474,LPath
F113L,0.8523,LPath
F113M,0.6419,LPath
F113N,0.4667,Amb
F113P,0.9992,LPath
F113Q,0.6743,LPath
F113R,0.8495,LPath
F113S,0.601,LPath
F113T,0.8036,LPath
F113V,0.4039,Amb
F113W,0.3209,LBen
F113Y,0.0515,LBen
K114A,0.475,Amb
K114C,0.7663,LPath
K114D,0.8372,LPath
K114E,0.4314,Amb
K114F,0.9353,LPath
K114G,0.5133,Amb
K114H,0.3943,Amb
K114I,0.6931,LPath
K114L,0.5279,Amb
K114M,0.49,Amb
K114N,0.7232,LPath
K114P,0.9664,LPath
K114Q,0.1535,LBen
K114R,0.0678,LBen
K114S,0.6084,LPath
K114T,0.3439,Amb
K114V,0.5462,Amb
K114W,0.8611,LPath
K114Y,0.8683,LPath
E115A,0.5097,Amb
E115C,0.9813,LPath
E115D,0.137,LBen
E115F,0.9655,LPath
E115G,0.538,Amb
E115H,0.9363,LPath
E115I,0.8116,LPath
E115K,0.9123,LPath
E115L,0.8107,LPath
E115M,0.8848,LPath
E115N,0.7111,LPath
E115P,0.9938,LPath
E115Q,0.6226,LPath
E115R,0.9273,LPath
E115S,0.6464,LPath
E115T,0.6369,LPath
E115V,0.564,LPath
E115W,0.9911,LPath
E115Y,0.9271,LPath
L116A,0.7252,LPath
L116C,0.7987,LPath
L116D,0.9897,LPath
L116E,0.9255,LPath
L116F,0.5467,Amb
L116G,0.9008,LPath
L116H,0.865,LPath
L116I,0.3616,Amb
L116K,0.9577,LPath
L116M,0.2765,LBen
L116N,0.8799,LPath
L116P,0.9989,LPath
L116Q,0.7292,LPath
L116R,0.9097,LPath
L116S,0.9104,LPath
L116T,0.7836,LPath
L116V,0.2931,LBen
L116W,0.7651,LPath
L116Y,0.6963,LPath
K117A,0.6803,LPath
K117C,0.8197,LPath
K117D,0.9454,LPath
K117E,0.5677,LPath
K117F,0.9711,LPath
K117G,0.7584,LPath
K117H,0.4666,Amb
K117I,0.8079,LPath
K117L,0.6686,LPath
K117M,0.574,LPath
K117N,0.8581,LPath
K117P,0.992,LPath
K117Q,0.1708,LBen
K117R,0.0887,LBen
K117S,0.7811,LPath
K117T,0.4691,Amb
K117V,0.6591,LPath
K117W,0.9209,LPath
K117Y,0.9111,LPath
A118C,0.5753,LPath
A118D,0.7398,LPath
A118E,0.6885,LPath
A118F,0.4743,Amb
A118G,0.121,LBen
A118H,0.6639,LPath
A118I,0.3144,LBen
A118K,0.8949,LPath
A118L,0.1789,LBen
A118M,0.2494,LBen
A118N,0.3063,LBen
A118P,0.9651,LPath
A118Q,0.5024,Amb
A118R,0.8575,LPath
A118S,0.105,LBen
A118T,0.1001,LBen
A118V,0.1429,LBen
A118W,0.8873,LPath
A118Y,0.6742,LPath
R119A,0.9044,LPath
R119C,0.7258,LPath
R119D,0.9769,LPath
R119E,0.9264,LPath
R119F,0.9747,LPath
R119G,0.7692,LPath
R119H,0.626,LPath
R119I,0.9269,LPath
R119K,0.3996,Amb
R119L,0.8246,LPath
R119M,0.9473,LPath
R119N,0.9695,LPath
R119P,0.9958,LPath
R119Q,0.4856,Amb
R119S,0.9506,LPath
R119T,0.9123,LPath
R119V,0.9044,LPath
R119W,0.8077,LPath
R119Y,0.933,LPath
N120A,0.6659,LPath
N120C,0.456,Amb
N120D,0.8124,LPath
N120E,0.9521,LPath
N120F,0.8674,LPath
N120G,0.6223,LPath
N120H,0.4059,Amb
N120I,0.7161,LPath
N120K,0.9695,LPath
N120L,0.6455,LPath
N120M,0.7601,LPath
N120P,0.9972,LPath
N120Q,0.8502,LPath
N120R,0.9472,LPath
N120S,0.2492,LBen
N120T,0.5224,Amb
N120V,0.5824,LPath
N120W,0.9403,LPath
N120Y,0.4135,Amb
T121A,0.0597,LBen
T121C,0.3103,LBen
T121D,0.5521,Amb
T121E,0.5248,Amb
T121F,0.2847,LBen
T121G,0.092,LBen
T121H,0.2816,LBen
T121I,0.181,LBen
T121K,0.4713,Amb
T121L,0.0916,LBen
T121M,0.105,LBen
T121N,0.1023,LBen
T121P,0.7532,LPath
T121Q,0.2639,LBen
T121R,0.4227,Amb
T121S,0.0725,LBen
T121V,0.1303,LBen
T121W,0.6665,LPath
T121Y,0.3515,Amb
K122A,0.9503,LPath
K122C,0.9815,LPath
K122D,0.9925,LPath
K122E,0.9596,LPath
K122F,0.9967,LPath
K122G,0.9507,LPath
K122H,0.8818,LPath
K122I,0.9791,LPath
K122L,0.9492,LPath
K122M,0.953,LPath
K122N,0.989,LPath
K122P,0.9957,LPath
K122Q,0.6946,LPath
K122R,0.1254,LBen
K122S,0.9793,LPath
K122T,0.9447,LPath
K122V,0.9387,LPath
K122W,0.9922,LPath
K122Y,0.9895,LPath
K123A,0.9252,LPath
K123C,0.9636,LPath
K123D,0.9946,LPath
K123E,0.961,LPath
K123F,0.9924,LPath
K123G,0.9559,LPath
K123H,0.8758,LPath
K123I,0.9439,LPath
K123L,0.8258,LPath
K123M,0.8443,LPath
K123N,0.9827,LPath
K123P,0.9982,LPath
K123Q,0.7549,LPath
K123R,0.1542,LBen
K123S,0.9846,LPath
K123T,0.8956,LPath
K123V,0.8955,LPath
K123W,0.9867,LPath
K123Y,0.9655,LPath
E124A,0.802,LPath
E124C,0.9929,LPath
E124D,0.4946,Amb
E124F,0.9963,LPath
E124G,0.7695,LPath
E124H,0.9809,LPath
E124I,0.9621,LPath
E124K,0.9477,LPath
E124L,0.967,LPath
E124M,0.9718,LPath
E124N,0.8775,LPath
E124P,0.999,LPath
E124Q,0.7636,LPath
E124R,0.9551,LPath
E124S,0.8598,LPath
E124T,0.8619,LPath
E124V,0.8777,LPath
E124W,0.9982,LPath
E124Y,0.9894,LPath
G125A,0.0994,LBen
G125C,0.2221,LBen
G125D,0.6823,LPath
G125E,0.6199,LPath
G125F,0.7027,LPath
G125H,0.6333,LPath
G125I,0.3475,Amb
G125K,0.8546,LPath
G125L,0.4265,Amb
G125M,0.3971,Amb
G125N,0.2793,LBen
G125P,0.9958,LPath
G125Q,0.5519,Amb
G125R,0.7597,LPath
G125S,0.0833,LBen
G125T,0.1077,LBen
G125V,0.1846,LBen
G125W,0.6362,LPath
G125Y,0.6068,LPath
D126A,0.6867,LPath
D126C,0.9576,LPath
D126E,0.2441,LBen
D126F,0.9567,LPath
D126G,0.8433,LPath
D126H,0.9109,LPath
D126I,0.8833,LPath
D126K,0.9584,LPath
D126L,0.8621,LPath
D126M,0.9462,LPath
D126N,0.5554,Amb
D126P,0.9965,LPath
D126Q,0.8638,LPath
D126R,0.9607,LPath
D126S,0.687,LPath
D126T,0.8208,LPath
D126V,0.7417,LPath
D126W,0.9936,LPath
D126Y,0.8376,LPath
L127A,0.5915,LPath
L127C,0.5168,Amb
L127D,0.9853,LPath
L127E,0.9506,LPath
L127F,0.2872,LBen
L127G,0.8142,LPath
L127H,0.6059,LPath
L127I,0.3373,LBen
L127K,0.9287,LPath
L127M,0.2569,LBen
L127N,0.7694,LPath
L127P,0.9989,LPath
L127Q,0.6644,LPath
L127R,0.7985,LPath
L127S,0.7911,LPath
L127T,0.7775,LPath
L127V,0.2191,LBen
L127W,0.5912,LPath
L127Y,0.456,Amb
I128A,0.1008,LBen
I128C,0.4247,Amb
I128D,0.6609,LPath
I128E,0.4744,Amb
I128F,0.1127,LBen
I128G,0.1942,LBen
I128H,0.2758,LBen
I128K,0.3866,Amb
I128L,0.0453,LBen
I128M,0.0499,LBen
I128N,0.1525,LBen
I128P,0.8008,LPath
I128Q,0.1855,LBen
I128R,0.3213,LBen
I128S,0.1202,LBen
I128T,0.0951,LBen
I128V,0.0592,LBen
I128W,0.5305,Amb
I128Y,0.3891,Amb
A129C,0.3668,Amb
A129D,0.7078,LPath
A129E,0.6871,LPath
A129F,0.3268,LBen
A129G,0.1033,LBen
A129H,0.5941,LPath
A129I,0.1989,LBen
A129K,0.8602,LPath
A129L,0.131,LBen
A129M,0.1654,LBen
A129N,0.2462,LBen
A129P,0.8251,LPath
A129Q,0.4979,Amb
A129R,0.8056,LPath
A129S,0.0859,LBen
A129T,0.0651,LBen
A129V,0.1039,LBen
A129W,0.8032,LPath
A129Y,0.5752,LPath
A130C,0.4756,Amb
A130D,0.974,LPath
A130E,0.9456,LPath
A130F,0.7307,LPath
A130G,0.3003,LBen
A130H,0.9146,LPath
A130I,0.6018,LPath
A130K,0.9905,LPath
A130L,0.4135,Amb
A130M,0.4612,Amb
A130N,0.7564,LPath
A130P,0.9972,LPath
A130Q,0.858,LPath
A130R,0.9745,LPath
A130S,0.1223,LBen
A130T,0.1555,LBen
A130V,0.2616,LBen
A130W,0.9687,LPath
A130Y,0.8932,LPath
Q131A,0.2575,LBen
Q131C,0.7659,LPath
Q131D,0.8016,LPath
Q131E,0.1736,LBen
Q131F,0.832,LPath
Q131G,0.3494,Amb
Q131H,0.4206,Amb
Q131I,0.3674,Amb
Q131K,0.3176,LBen
Q131L,0.1208,LBen
Q131M,0.3082,LBen
Q131N,0.4036,Amb
Q131P,0.9703,LPath
Q131R,0.3269,LBen
Q131S,0.3415,Amb
Q131T,0.2101,LBen
Q131V,0.1894,LBen
Q131W,0.8776,LPath
Q131Y,0.7581,LPath
A132C,0.4164,Amb
A132D,0.646,LPath
A132E,0.5693,LPath
A132F,0.3699,Amb
A132G,0.0873,LBen
A132H,0.5644,LPath
A132I,0.2514,LBen
A132K,0.8285,LPath
A132L,0.1623,LBen
A132M,0.1944,LBen
A132N,0.2189,LBen
A132P,0.9806,LPath
A132Q,0.4151,Amb
A132R,0.7838,LPath
A132S,0.081,LBen
A132T,0.0768,LBen
A132V,0.1213,LBen
A132W,0.8143,LPath
A132Y,0.5655,LPath
R133A,0.8722,LPath
R133C,0.5465,Amb
R133D,0.9567,LPath
R133E,0.8676,LPath
R133F,0.9419,LPath
R133G,0.7341,LPath
R133H,0.2292,LBen
R133I,0.8949,LPath
R133K,0.231,LBen
R133L,0.7749,LPath
R133M,0.8879,LPath
R133N,0.9212,LPath
R133P,0.9938,LPath
R133Q,0.2635,LBen
R133S,0.8885,LPath
R133T,0.8341,LPath
R133V,0.8744,LPath
R133W,0.6993,LPath
R133Y,0.8564,LPath
L134A,0.5934,LPath
L134C,0.6138,LPath
L134D,0.9921,LPath
L134E,0.9104,LPath
L134F,0.4438,Amb
L134G,0.8578,LPath
L134H,0.7282,LPath
L134I,0.1629,LBen
L134K,0.8979,LPath
L134M,0.1852,LBen
L134N,0.7933,LPath
L134P,0.9979,LPath
L134Q,0.4845,Amb
L134R,0.7845,LPath
L134S,0.7703,LPath
L134T,0.6885,LPath
L134V,0.1437,LBen
L134W,0.6475,LPath
L134Y,0.6822,LPath
K135A,0.8593,LPath
K135C,0.927,LPath
K135D,0.9727,LPath
K135E,0.8611,LPath
K135F,0.9881,LPath
K135G,0.8088,LPath
K135H,0.656,LPath
K135I,0.9434,LPath
K135L,0.8589,LPath
K135M,0.8356,LPath
K135N,0.9311,LPath
K135P,0.9846,LPath
K135Q,0.4485,Amb
K135R,0.0855,LBen
K135S,0.9169,LPath
K135T,0.7749,LPath
K135V,0.8908,LPath
K135W,0.9608,LPath
K135Y,0.9597,LPath
D136A,0.8707,LPath
D136C,0.9896,LPath
D136E,0.5404,Amb
D136F,0.9686,LPath
D136G,0.8012,LPath
D136H,0.9432,LPath
D136I,0.9525,LPath
D136K,0.9812,LPath
D136L,0.9345,LPath
D136M,0.9806,LPath
D136N,0.6327,LPath
D136P,0.9977,LPath
D136Q,0.9472,LPath
D136R,0.9793,LPath
D136S,0.8026,LPath
D136T,0.9019,LPath
D136V,0.843,LPath
D136W,0.9965,LPath
D136Y,0.8329,LPath
L137A,0.3158,LBen
L137C,0.6409,LPath
L137D,0.9803,LPath
L137E,0.8689,LPath
L137F,0.5056,Amb
L137G,0.7811,LPath
L137H,0.7751,LPath
L137I,0.1424,LBen
L137K,0.8891,LPath
L137M,0.1326,LBen
L137N,0.7672,LPath
L137P,0.9965,LPath
L137Q,0.5378,Amb
L137R,0.8093,LPath
L137S,0.5894,LPath
L137T,0.2733,LBen
L137V,0.074,LBen
L137W,0.8166,LPath
L137Y,0.8109,LPath
E138A,0.8335,LPath
E138C,0.9937,LPath
E138D,0.7551,LPath
E138F,0.9941,LPath
E138G,0.8458,LPath
E138H,0.9775,LPath
E138I,0.9662,LPath
E138K,0.9697,LPath
E138L,0.9417,LPath
E138M,0.966,LPath
E138N,0.957,LPath
E138P,0.9989,LPath
E138Q,0.7082,LPath
E138R,0.9564,LPath
E138S,0.898,LPath
E138T,0.9026,LPath
E138V,0.8816,LPath
E138W,0.9978,LPath
E138Y,0.9907,LPath
A139C,0.9221,LPath
A139D,0.978,LPath
A139E,0.978,LPath
A139F,0.8805,LPath
A139G,0.3931,Amb
A139H,0.9574,LPath
A139I,0.9069,LPath
A139K,0.9916,LPath
A139L,0.7106,LPath
A139M,0.7956,LPath
A139N,0.842,LPath
A139P,0.9984,LPath
A139Q,0.9342,LPath
A139R,0.9734,LPath
A139S,0.2956,LBen
A139T,0.6269,LPath
A139V,0.6944,LPath
A139W,0.9883,LPath
A139Y,0.9333,LPath
L140A,0.3695,Amb
L140C,0.8159,LPath
L140D,0.9528,LPath
L140E,0.742,LPath
L140F,0.4658,Amb
L140G,0.7625,LPath
L140H,0.5397,Amb
L140I,0.1854,LBen
L140K,0.6399,LPath
L140M,0.1197,LBen
L140N,0.6528,LPath
L140P,0.9954,LPath
L140Q,0.2052,LBen
L140R,0.5368,Amb
L140S,0.4982,Amb
L140T,0.3762,Amb
L140V,0.1336,LBen
L140W,0.798,LPath
L140Y,0.7461,LPath
L141A,0.8396,LPath
L141C,0.717,LPath
L141D,0.9959,LPath
L141E,0.9772,LPath
L141F,0.487,Amb
L141G,0.9427,LPath
L141H,0.7561,LPath
L141I,0.4576,Amb
L141K,0.9561,LPath
L141M,0.3343,LBen
L141N,0.8863,LPath
L141P,0.9993,LPath
L141Q,0.7536,LPath
L141R,0.8505,LPath
L141S,0.9096,LPath
L141T,0.9149,LPath
L141V,0.3705,Amb
L141W,0.7796,LPath
L141Y,0.697,LPath
N142A,0.8043,LPath
N142C,0.7632,LPath
N142D,0.9423,LPath
N142E,0.9852,LPath
N142F,0.8995,LPath
N142G,0.7884,LPath
N142H,0.402,Amb
N142I,0.8443,LPath
N142K,0.9797,LPath
N142L,0.6954,LPath
N142M,0.8807,LPath
N142P,0.9904,LPath
N142Q,0.9144,LPath
N142R,0.9508,LPath
N142S,0.3098,LBen
N142T,0.6625,LPath
N142V,0.7883,LPath
N142W,0.9783,LPath
N142Y,0.6266,LPath
S143A,0.1659,LBen
S143C,0.4179,Amb
S143D,0.9673,LPath
S143E,0.9488,LPath
S143F,0.8592,LPath
S143G,0.2526,LBen
S143H,0.8828,LPath
S143I,0.8648,LPath
S143K,0.9888,LPath
S143L,0.4965,Amb
S143M,0.6276,LPath
S143N,0.7529,LPath
S143P,0.9973,LPath
S143Q,0.855,LPath
S143R,0.982,LPath
S143T,0.2541,LBen
S143V,0.7266,LPath
S143W,0.922,LPath
S143Y,0.8083,LPath
K144A,0.9756,LPath
K144C,0.9836,LPath
K144D,0.9966,LPath
K144E,0.9674,LPath
K144F,0.9992,LPath
K144G,0.9739,LPath
K144H,0.919,LPath
K144I,0.9958,LPath
K144L,0.9758,LPath
K144M,0.9751,LPath
K144N,0.9872,LPath
K144P,0.9995,LPath
K144Q,0.7846,LPath
K144R,0.1953,LBen
K144S,0.9769,LPath
K144T,0.9402,LPath
K144V,0.9813,LPath
K144W,0.9971,LPath
K144Y,0.9903,LPath
E145A,0.8923,LPath
E145C,0.9976,LPath
E145D,0.2637,LBen
E145F,0.9977,LPath
E145G,0.8505,LPath
E145H,0.9891,LPath
E145I,0.9819,LPath
E145K,0.9799,LPath
E145L,0.9831,LPath
E145M,0.9869,LPath
E145N,0.8591,LPath
E145P,0.9994,LPath
E145Q,0.8899,LPath
E145R,0.9796,LPath
E145S,0.8999,LPath
E145T,0.9307,LPath
E145V,0.9251,LPath
E145W,0.999,LPath
E145Y,0.9924,LPath
A146C,0.985,LPath
A146D,0.996,LPath
A146E,0.9934,LPath
A146F,0.9781,LPath
A146G,0.7101,LPath
A146H,0.9889,LPath
A146I,0.9819,LPath
A146K,0.9971,LPath
A146L,0.9049,LPath
A146M,0.9486,LPath
A146N,0.9705,LPath
A146P,0.9992,LPath
A146Q,0.9814,LPath
A146R,0.9863,LPath
A146S,0.6227,LPath
A146T,0.9161,LPath
A146V,0.9137,LPath
A146W,0.9972,LPath
A146Y,0.9884,LPath
A147C,0.6203,LPath
A147D,0.8542,LPath
A147E,0.722,LPath
A147F,0.6656,LPath
A147G,0.2982,LBen
A147H,0.7551,LPath
A147I,0.536,Amb
A147K,0.9426,LPath
A147L,0.285,LBen
A147M,0.3355,LBen
A147N,0.4628,Amb
A147P,0.996,LPath
A147Q,0.509,Amb
A147R,0.8886,LPath
A147S,0.096,LBen
A147T,0.1242,LBen
A147V,0.2357,LBen
A147W,0.9569,LPath
A147Y,0.8457,LPath
L148A,0.8568,LPath
L148C,0.748,LPath
L148D,0.9977,LPath
L148E,0.9783,LPath
L148F,0.465,Amb
L148G,0.9615,LPath
L148H,0.8058,LPath
L148I,0.4702,Amb
L148K,0.9648,LPath
L148M,0.4472,Amb
L148N,0.9406,LPath
L148P,0.9995,LPath
L148Q,0.8199,LPath
L148R,0.8614,LPath
L148S,0.9496,LPath
L148T,0.9301,LPath
L148V,0.31,LBen
L148W,0.8319,LPath
L148Y,0.6031,LPath
S149A,0.1316,LBen
S149C,0.2987,LBen
S149D,0.9294,LPath
S149E,0.952,LPath
S149F,0.7386,LPath
S149G,0.1629,LBen
S149H,0.7553,LPath
S149I,0.7425,LPath
S149K,0.9825,LPath
S149L,0.3357,LBen
S149M,0.4457,Amb
S149N,0.3343,LBen
S149P,0.9931,LPath
S149Q,0.833,LPath
S149R,0.9708,LPath
S149T,0.1083,LBen
S149V,0.5896,LPath
S149W,0.8814,LPath
S149Y,0.7206,LPath
T150A,0.6384,LPath
T150C,0.9677,LPath
T150D,0.9815,LPath
T150E,0.9836,LPath
T150F,0.9706,LPath
T150G,0.7879,LPath
T150H,0.9258,LPath
T150I,0.9703,LPath
T150K,0.9338,LPath
T150L,0.7979,LPath
T150M,0.7077,LPath
T150N,0.8022,LPath
T150P,0.9695,LPath
T150Q,0.8855,LPath
T150R,0.9177,LPath
T150S,0.7037,LPath
T150V,0.8377,LPath
T150W,0.9923,LPath
T150Y,0.9725,LPath
A151C,0.7001,LPath
A151D,0.9924,LPath
A151E,0.9757,LPath
A151F,0.8985,LPath
A151G,0.557,Amb
A151H,0.9582,LPath
A151I,0.7922,LPath
A151K,0.9948,LPath
A151L,0.5254,Amb
A151M,0.6806,LPath
A151N,0.9116,LPath
A151P,0.9994,LPath
A151Q,0.9202,LPath
A151R,0.9795,LPath
A151S,0.2059,LBen
A151T,0.2803,LBen
A151V,0.3967,Amb
A151W,0.9916,LPath
A151Y,0.9586,LPath
L152A,0.5504,Amb
L152C,0.7896,LPath
L152D,0.9688,LPath
L152E,0.7808,LPath
L152F,0.4483,Amb
L152G,0.8066,LPath
L152H,0.6822,LPath
L152I,0.1495,LBen
L152K,0.741,LPath
L152M,0.1628,LBen
L152N,0.6832,LPath
L152P,0.9977,LPath
L152Q,0.3432,Amb
L152R,0.5896,LPath
L152S,0.6939,LPath
L152T,0.5101,Amb
L152V,0.1167,LBen
L152W,0.7946,LPath
L152Y,0.7817,LPath
S153A,0.1769,LBen
S153C,0.3313,LBen
S153D,0.9454,LPath
S153E,0.9676,LPath
S153F,0.8421,LPath
S153G,0.0674,LBen
S153H,0.8109,LPath
S153I,0.7416,LPath
S153K,0.9876,LPath
S153L,0.4988,Amb
S153M,0.5984,LPath
S153N,0.4442,Amb
S153P,0.9949,LPath
S153Q,0.8768,LPath
S153R,0.973,LPath
S153T,0.2399,LBen
S153V,0.6713,LPath
S153W,0.9009,LPath
S153Y,0.8121,LPath
E154A,0.73,LPath
E154C,0.991,LPath
E154D,0.4658,Amb
E154F,0.993,LPath
E154G,0.6085,LPath
E154H,0.9482,LPath
E154I,0.9662,LPath
E154K,0.8638,LPath
E154L,0.9487,LPath
E154M,0.9621,LPath
E154N,0.8271,LPath
E154P,0.9991,LPath
E154Q,0.4893,Amb
E154R,0.8838,LPath
E154S,0.7247,LPath
E154T,0.8584,LPath
E154V,0.8858,LPath
E154W,0.9973,LPath
E154Y,0.9858,LPath
K155A,0.9466,LPath
K155C,0.9564,LPath
K155D,0.9899,LPath
K155E,0.96,LPath
K155F,0.9945,LPath
K155G,0.9168,LPath
K155H,0.7647,LPath
K155I,0.967,LPath
K155L,0.9216,LPath
K155M,0.8946,LPath
K155N,0.847,LPath
K155P,0.9995,LPath
K155Q,0.6881,LPath
K155R,0.1945,LBen
K155S,0.9621,LPath
K155T,0.9246,LPath
K155V,0.915,LPath
K155W,0.9923,LPath
K155Y,0.9462,LPath
R156A,0.7702,LPath
R156C,0.5576,Amb
R156D,0.9097,LPath
R156E,0.7668,LPath
R156F,0.9287,LPath
R156G,0.5453,Amb
R156H,0.1891,LBen
R156I,0.8108,LPath
R156K,0.175,LBen
R156L,0.6654,LPath
R156M,0.7772,LPath
R156N,0.83,LPath
R156P,0.9932,LPath
R156Q,0.1901,LBen
R156S,0.8425,LPath
R156T,0.7122,LPath
R156V,0.7877,LPath
R156W,0.6696,LPath
R156Y,0.7982,LPath
T157A,0.0832,LBen
T157C,0.3851,Amb
T157D,0.6423,LPath
T157E,0.6923,LPath
T157F,0.3119,LBen
T157G,0.1348,LBen
T157H,0.2509,LBen
T157I,0.2327,LBen
T157K,0.5555,Amb
T157L,0.1179,LBen
T157M,0.1178,LBen
T157N,0.0811,LBen
T157P,0.7646,LPath
T157Q,0.3201,LBen
T157R,0.49,Amb
T157S,0.0806,LBen
T157V,0.168,LBen
T157W,0.714,LPath
T157Y,0.3592,Amb
L158A,0.3303,LBen
L158C,0.7062,LPath
L158D,0.9823,LPath
L158E,0.8607,LPath
L158F,0.3783,Amb
L158G,0.7948,LPath
L158H,0.6112,LPath
L158I,0.1921,LBen
L158K,0.7226,LPath
L158M,0.1576,LBen
L158N,0.8184,LPath
L158P,0.9942,LPath
L158Q,0.38,Amb
L158R,0.5612,Amb
L158S,0.6343,LPath
L158T,0.4329,Amb
L158V,0.1297,LBen
L158W,0.604,LPath
L158Y,0.6758,LPath
E159A,0.2567,LBen
E159C,0.9502,LPath
E159D,0.2013,LBen
E159F,0.9404,LPath
E159G,0.3395,LBen
E159H,0.7439,LPath
E159I,0.654,LPath
E159K,0.6142,LPath
E159L,0.6309,LPath
E159M,0.7476,LPath
E159N,0.5062,Amb
E159P,0.9928,LPath
E159Q,0.2441,LBen
E159R,0.6714,LPath
E159S,0.3675,Amb
E159T,0.3958,Amb
E159V,0.3916,Amb
E159W,0.978,LPath
E159Y,0.8909,LPath
G160A,0.0817,LBen
G160C,0.1697,LBen
G160D,0.4324,Amb
G160E,0.378,Amb
G160F,0.4917,Amb
G160H,0.4084,Amb
G160I,0.1885,LBen
G160K,0.6004,LPath
G160L,0.2699,LBen
G160M,0.2529,LBen
G160N,0.1666,LBen
G160P,0.9838,LPath
G160Q,0.347,Amb
G160R,0.4935,Amb
G160S,0.0773,LBen
G160T,0.0747,LBen
G160V,0.1058,LBen
G160W,0.4465,Amb
G160Y,0.412,Amb
E161A,0.3956,Amb
E161C,0.9583,LPath
E161D,0.1826,LBen
E161F,0.9482,LPath
E161G,0.4621,Amb
E161H,0.7673,LPath
E161I,0.7411,LPath
E161K,0.6635,LPath
E161L,0.71,LPath
E161M,0.7792,LPath
E161N,0.5028,Amb
E161P,0.9891,LPath
E161Q,0.2807,LBen
E161R,0.7348,LPath
E161S,0.3929,Amb
E161T,0.5005,Amb
E161V,0.5213,Amb
E161W,0.9875,LPath
E161Y,0.91,LPath
L162A,0.3474,Amb
L162C,0.4516,Amb
L162D,0.9068,LPath
L162E,0.6629,LPath
L162F,0.3112,LBen
L162G,0.5564,Amb
L162H,0.4197,Amb
L162I,0.0879,LBen
L162K,0.5594,Amb
L162M,0.1241,LBen
L162N,0.3437,Amb
L162P,0.9901,LPath
L162Q,0.2525,LBen
L162R,0.4234,Amb
L162S,0.4866,Amb
L162T,0.3714,Amb
L162V,0.0717,LBen
L162W,0.4937,Amb
L162Y,0.4589,Amb
H163A,0.1377,LBen
H163C,0.1926,LBen
H163D,0.3315,LBen
H163E,0.2925,LBen
H163F,0.2876,LBen
H163G,0.1624,LBen
H163I,0.24,LBen
H163K,0.1825,LBen
H163L,0.0904,LBen
H163M,0.3256,LBen
H163N,0.087,LBen
H163P,0.7124,LPath
H163Q,0.0877,LBen
H163R,0.0731,LBen
H163S,0.1363,LBen
H163T,0.1324,LBen
H163V,0.1611,LBen
H163W,0.4275,Amb
H163Y,0.137,LBen
D164A,0.3946,Amb
D164C,0.8735,LPath
D164E,0.1699,LBen
D164F,0.8047,LPath
D164G,0.371,Amb
D164H,0.5904,LPath
D164I,0.6006,LPath
D164K,0.8183,LPath
D164L,0.5848,LPath
D164M,0.8027,LPath
D164N,0.2051,LBen
D164P,0.9839,LPath
D164Q,0.583,LPath
D164R,0.8118,LPath
D164S,0.2875,LBen
D164T,0.3905,Amb
D164V,0.392,Amb
D164W,0.9704,LPath
D164Y,0.5403,Amb
L165A,0.432,Amb
L165C,0.6696,LPath
L165D,0.983,LPath
L165E,0.8857,LPath
L165F,0.393,Amb
L165G,0.8563,LPath
L165H,0.6897,LPath
L165I,0.211,LBen
L165K,0.8364,LPath
L165M,0.1754,LBen
L165N,0.855,LPath
L165P,0.9978,LPath
L165Q,0.5056,Amb
L165R,0.7273,LPath
L165S,0.691,LPath
L165T,0.4709,Amb
L165V,0.1405,LBen
L165W,0.7338,LPath
L165Y,0.69,LPath
R166A,0.6172,LPath
R166C,0.3646,Amb
R166D,0.8862,LPath
R166E,0.5629,Amb
R166F,0.8507,LPath
R166G,0.4248,Amb
R166H,0.1419,LBen
R166I,0.652,LPath
R166K,0.0983,LBen
R166L,0.4358,Amb
R166M,0.6097,LPath
R166N,0.7704,LPath
R166P,0.9688,LPath
R166Q,0.116,LBen
R166S,0.6987,LPath
R166T,0.4726,Amb
R166V,0.6321,LPath
R166W,0.4568,Amb
R166Y,0.6912,LPath
G167A,0.0764,LBen
G167C,0.1764,LBen
G167D,0.4792,Amb
G167E,0.4028,Amb
G167F,0.5328,Amb
G167H,0.4549,Amb
G167I,0.199,LBen
G167K,0.6784,LPath
G167L,0.2373,LBen
G167M,0.2956,LBen
G167N,0.2329,LBen
G167P,0.9777,LPath
G167Q,0.3767,Amb
G167R,0.5642,LPath
G167S,0.0774,LBen
G167T,0.0808,LBen
G167V,0.1095,LBen
G167W,0.5216,Amb
G167Y,0.479,Amb
Q168A,0.3049,LBen
Q168C,0.8597,LPath
Q168D,0.6931,LPath
Q168E,0.1788,LBen
Q168F,0.878,LPath
Q168G,0.4888,Amb
Q168H,0.2901,LBen
Q168I,0.6176,LPath
Q168K,0.263,LBen
Q168L,0.2385,LBen
Q168M,0.4873,Amb
Q168N,0.3784,Amb
Q168P,0.9318,LPath
Q168R,0.2578,LBen
Q168S,0.3087,LBen
Q168T,0.2723,LBen
Q168V,0.3966,Amb
Q168W,0.8955,LPath
Q168Y,0.7749,LPath
V169A,0.2435,LBen
V169C,0.7299,LPath
V169D,0.8635,LPath
V169E,0.6987,LPath
V169F,0.4256,Amb
V169G,0.3384,LBen
V169H,0.7646,LPath
V169I,0.102,LBen
V169K,0.7438,LPath
V169L,0.2184,LBen
V169M,0.2288,LBen
V169N,0.4236,Amb
V169P,0.9903,LPath
V169Q,0.5527,Amb
V169R,0.6713,LPath
V169S,0.4169,Amb
V169T,0.3252,LBen
V169W,0.9297,LPath
V169Y,0.7399,LPath
A170C,0.3687,Amb
A170D,0.5021,Amb
A170E,0.3993,Amb
A170F,0.3406,Amb
A170G,0.0911,LBen
A170H,0.4501,Amb
A170I,0.2339,LBen
A170K,0.6029,LPath
A170L,0.1301,LBen
A170M,0.1979,LBen
A170N,0.2145,LBen
A170P,0.9106,LPath
A170Q,0.2824,LBen
A170R,0.5193,Amb
A170S,0.076,LBen
A170T,0.0739,LBen
A170V,0.1125,LBen
A170W,0.7287,LPath
A170Y,0.5378,Amb
K171A,0.6422,LPath
K171C,0.8882,LPath
K171D,0.8426,LPath
K171E,0.5849,LPath
K171F,0.9572,LPath
K171G,0.6403,LPath
K171H,0.4803,Amb
K171I,0.8303,LPath
K171L,0.7014,LPath
K171M,0.6322,LPath
K171N,0.7481,LPath
K171P,0.9764,LPath
K171Q,0.2575,LBen
K171R,0.0943,LBen
K171S,0.6885,LPath
K171T,0.4703,Amb
K171V,0.6583,LPath
K171W,0.9503,LPath
K171Y,0.908,LPath
L172A,0.5084,Amb
L172C,0.7851,LPath
L172D,0.9802,LPath
L172E,0.8827,LPath
L172F,0.6089,LPath
L172G,0.8291,LPath
L172H,0.765,LPath
L172I,0.3619,Amb
L172K,0.8466,LPath
L172M,0.2324,LBen
L172N,0.8579,LPath
L172P,0.9978,LPath
L172Q,0.5622,Amb
L172R,0.7425,LPath
L172S,0.8277,LPath
L172T,0.5811,LPath
L172V,0.2246,LBen
L172W,0.7736,LPath
L172Y,0.7275,LPath
E173A,0.4806,Amb
E173C,0.9774,LPath
E173D,0.2193,LBen
E173F,0.9755,LPath
E173G,0.4401,Amb
E173H,0.8139,LPath
E173I,0.8627,LPath
E173K,0.7115,LPath
E173L,0.8204,LPath
E173M,0.8824,LPath
E173N,0.5759,LPath
E173P,0.9956,LPath
E173Q,0.3455,Amb
E173R,0.7651,LPath
E173S,0.4879,Amb
E173T,0.5512,Amb
E173V,0.6307,LPath
E173W,0.9903,LPath
E173Y,0.9399,LPath
A174C,0.4134,Amb
A174D,0.4575,Amb
A174E,0.4464,Amb
A174F,0.2968,LBen
A174G,0.0808,LBen
A174H,0.4931,Amb
A174I,0.177,LBen
A174K,0.6882,LPath
A174L,0.1293,LBen
A174M,0.1475,LBen
A174N,0.1854,LBen
A174P,0.9575,LPath
A174Q,0.3835,Amb
A174R,0.6692,LPath
A174S,0.0819,LBen
A174T,0.0647,LBen
A174V,0.0897,LBen
A174W,0.7544,LPath
A174Y,0.4879,Amb
A175C,0.5602,Amb
A175D,0.7,LPath
A175E,0.6627,LPath
A175F,0.5793,LPath
A175G,0.1452,LBen
A175H,0.6818,LPath
A175I,0.3997,Amb
A175K,0.9011,LPath
A175L,0.237,LBen
A175M,0.2875,LBen
A175N,0.2877,LBen
A175P,0.9823,LPath
A175Q,0.4811,Amb
A175R,0.854,LPath
A175S,0.0797,LBen
A175T,0.1024,LBen
A175V,0.1773,LBen
A175W,0.9346,LPath
A175Y,0.7837,LPath
L176A,0.4177,Amb
L176C,0.4643,Amb
L176D,0.9736,LPath
L176E,0.8618,LPath
L176F,0.3127,LBen
L176G,0.7749,LPath
L176H,0.3767,Amb
L176I,0.2741,LBen
L176K,0.7884,LPath
L176M,0.2042,LBen
L176N,0.6415,LPath
L176P,0.9952,LPath
L176Q,0.3963,Amb
L176R,0.5647,LPath
L176S,0.5862,LPath
L176T,0.5633,Amb
L176V,0.1484,LBen
L176W,0.5251,Amb
L176Y,0.435,Amb
G177A,0.0689,LBen
G177C,0.1391,LBen
G177D,0.4341,Amb
G177E,0.369,Amb
G177F,0.434,Amb
G177H,0.3742,Amb
G177I,0.1649,LBen
G177K,0.6664,LPath
G177L,0.1785,LBen
G177M,0.2362,LBen
G177N,0.1639,LBen
G177P,0.9604,LPath
G177Q,0.3285,LBen
G177R,0.5412,Amb
G177S,0.0677,LBen
G177T,0.0699,LBen
G177V,0.0931,LBen
G177W,0.4271,Amb
G177Y,0.3951,Amb
E178A,0.307,LBen
E178C,0.9477,LPath
E178D,0.0846,LBen
E178F,0.9025,LPath
E178G,0.3217,LBen
E178H,0.7622,LPath
E178I,0.627,LPath
E178K,0.6343,LPath
E178L,0.6337,LPath
E178M,0.749,LPath
E178N,0.3636,Amb
E178P,0.9775,LPath
E178Q,0.3634,Amb
E178R,0.7448,LPath
E178S,0.3405,Amb
E178T,0.4022,Amb
E178V,0.3938,Amb
E178W,0.9777,LPath
E178Y,0.8407,LPath
A179C,0.4319,Amb
A179D,0.9445,LPath
A179E,0.8731,LPath
A179F,0.7089,LPath
A179G,0.2756,LBen
A179H,0.86,LPath
A179I,0.3747,Amb
A179K,0.9643,LPath
A179L,0.2767,LBen
A179M,0.3044,LBen
A179N,0.6109,LPath
A179P,0.9957,LPath
A179Q,0.7372,LPath
A179R,0.9333,LPath
A179S,0.1425,LBen
A179T,0.1074,LBen
A179V,0.1418,LBen
A179W,0.9488,LPath
A179Y,0.837,LPath
K180A,0.9695,LPath
K180C,0.971,LPath
K180D,0.995,LPath
K180E,0.9212,LPath
K180F,0.9975,LPath
K180G,0.9503,LPath
K180H,0.8739,LPath
K180I,0.9816,LPath
K180L,0.9564,LPath
K180M,0.9425,LPath
K180N,0.9865,LPath
K180P,0.9981,LPath
K180Q,0.5107,Amb
K180R,0.0999,LBen
K180S,0.978,LPath
K180T,0.9166,LPath
K180V,0.9482,LPath
K180W,0.9913,LPath
K180Y,0.9883,LPath
K181A,0.7212,LPath
K181C,0.8939,LPath
K181D,0.9404,LPath
K181E,0.7254,LPath
K181F,0.9691,LPath
K181G,0.689,LPath
K181H,0.5464,Amb
K181I,0.8068,LPath
K181L,0.7286,LPath
K181M,0.621,LPath
K181N,0.8266,LPath
K181P,0.9913,LPath
K181Q,0.2412,LBen
K181R,0.1156,LBen
K181S,0.8233,LPath
K181T,0.5468,Amb
K181V,0.6956,LPath
K181W,0.9502,LPath
K181Y,0.9188,LPath
Q182A,0.348,Amb
Q182C,0.9413,LPath
Q182D,0.8434,LPath
Q182E,0.3175,LBen
Q182F,0.9321,LPath
Q182G,0.5106,Amb
Q182H,0.6199,LPath
Q182I,0.7593,LPath
Q182K,0.5613,Amb
Q182L,0.2724,LBen
Q182M,0.5018,Amb
Q182N,0.4764,Amb
Q182P,0.9774,LPath
Q182R,0.6274,LPath
Q182S,0.4393,Amb
Q182T,0.4228,Amb
Q182V,0.54,Amb
Q182W,0.9731,LPath
Q182Y,0.8961,LPath
L183A,0.9326,LPath
L183C,0.9308,LPath
L183D,0.9988,LPath
L183E,0.9888,LPath
L183F,0.8995,LPath
L183G,0.9788,LPath
L183H,0.938,LPath
L183I,0.5626,Amb
L183K,0.9689,LPath
L183M,0.649,LPath
L183N,0.9698,LPath
L183P,0.9997,LPath
L183Q,0.9124,LPath
L183R,0.9188,LPath
L183S,0.9856,LPath
L183T,0.9527,LPath
L183V,0.4206,Amb
L183W,0.9588,LPath
L183Y,0.9159,LPath
Q184A,0.4404,Amb
Q184C,0.9728,LPath
Q184D,0.9501,LPath
Q184E,0.3363,LBen
Q184F,0.9849,LPath
Q184G,0.4422,Amb
Q184H,0.787,LPath
Q184I,0.9568,LPath
Q184K,0.7674,LPath
Q184L,0.7227,LPath
Q184M,0.8244,LPath
Q184N,0.6927,LPath
Q184P,0.9857,LPath
Q184R,0.7141,LPath
Q184S,0.4318,Amb
Q184T,0.5199,Amb
Q184V,0.8499,LPath
Q184W,0.9854,LPath
Q184Y,0.9717,LPath
D185A,0.707,LPath
D185C,0.9798,LPath
D185E,0.3855,Amb
D185F,0.9649,LPath
D185G,0.7005,LPath
D185H,0.9269,LPath
D185I,0.9291,LPath
D185K,0.9617,LPath
D185L,0.8743,LPath
D185M,0.9544,LPath
D185N,0.5331,Amb
D185P,0.9993,LPath
D185Q,0.8942,LPath
D185R,0.9653,LPath
D185S,0.6732,LPath
D185T,0.7775,LPath
D185V,0.768,LPath
D185W,0.9945,LPath
D185Y,0.8407,LPath
E186A,0.9646,LPath
E186C,0.9968,LPath
E186D,0.9901,LPath
E186F,0.9997,LPath
E186G,0.9827,LPath
E186H,0.9976,LPath
E186I,0.9972,LPath
E186K,0.9971,LPath
E186L,0.997,LPath
E186M,0.9975,LPath
E186N,0.9949,LPath
E186P,0.9999,LPath
E186Q,0.9765,LPath
E186R,0.9961,LPath
E186S,0.989,LPath
E186T,0.9883,LPath
E186V,0.9895,LPath
E186W,0.9999,LPath
E186Y,0.9993,LPath
M187A,0.9855,LPath
M187C,0.9945,LPath
M187D,0.9991,LPath
M187E,0.9952,LPath
M187F,0.9682,LPath
M187G,0.9937,LPath
M187H,0.993,LPath
M187I,0.9852,LPath
M187K,0.9831,LPath
M187L,0.8135,LPath
M187N,0.9828,LPath
M187P,0.9999,LPath
M187Q,0.9511,LPath
M187R,0.9891,LPath
M187S,0.9836,LPath
M187T,0.8899,LPath
M187V,0.8285,LPath
M187W,0.9974,LPath
M187Y,0.9918,LPath
L188A,0.9915,LPath
L188C,0.998,LPath
L188D,0.9998,LPath
L188E,0.9986,LPath
L188F,0.9947,LPath
L188G,0.9966,LPath
L188H,0.9983,LPath
L188I,0.8425,LPath
L188K,0.996,LPath
L188M,0.9056,LPath
L188N,0.9977,LPath
L188P,0.9997,LPath
L188Q,0.9954,LPath
L188R,0.9916,LPath
L188S,0.999,LPath
L188T,0.9938,LPath
L188V,0.893,LPath
L188W,0.9969,LPath
L188Y,0.9967,LPath
R189A,0.7952,LPath
R189C,0.3947,Amb
R189D,0.9759,LPath
R189E,0.8613,LPath
R189F,0.9173,LPath
R189G,0.6777,LPath
R189H,0.28,LBen
R189I,0.8556,LPath
R189K,0.2541,LBen
R189L,0.4749,Amb
R189M,0.7334,LPath
R189N,0.9297,LPath
R189P,0.9969,LPath
R189Q,0.2019,LBen
R189S,0.8815,LPath
R189T,0.8368,LPath
R189V,0.8287,LPath
R189W,0.606,LPath
R189Y,0.8412,LPath
R190A,0.9915,LPath
R190C,0.9538,LPath
R190D,0.9987,LPath
R190E,0.9926,LPath
R190F,0.9983,LPath
R190G,0.9857,LPath
R190H,0.8768,LPath
R190I,0.9893,LPath
R190K,0.8108,LPath
R190L,0.9619,LPath
R190M,0.9948,LPath
R190N,0.9953,LPath
R190P,0.9998,LPath
R190Q,0.9166,LPath
R190S,0.997,LPath
R190T,0.9919,LPath
R190V,0.9826,LPath
R190W,0.9795,LPath
R190Y,0.9919,LPath
V191A,0.9898,LPath
V191C,0.9964,LPath
V191D,0.9978,LPath
V191E,0.9948,LPath
V191F,0.9907,LPath
V191G,0.9651,LPath
V191H,0.9989,LPath
V191I,0.5361,Amb
V191K,0.9967,LPath
V191L,0.9908,LPath
V191M,0.9853,LPath
V191N,0.9938,LPath
V191P,0.9993,LPath
V191Q,0.9925,LPath
V191R,0.9877,LPath
V191S,0.9888,LPath
V191T,0.9493,LPath
V191W,0.9989,LPath
V191Y,0.998,LPath
D192A,0.975,LPath
D192C,0.9987,LPath
D192E,0.9632,LPath
D192F,0.9968,LPath
D192G,0.982,LPath
D192H,0.9924,LPath
D192I,0.9976,LPath
D192K,0.9983,LPath
D192L,0.9919,LPath
D192M,0.9991,LPath
D192N,0.9665,LPath
D192P,0.9996,LPath
D192Q,0.9959,LPath
D192R,0.9961,LPath
D192S,0.9718,LPath
D192T,0.9934,LPath
D192V,0.986,LPath
D192W,0.9994,LPath
D192Y,0.9832,LPath
A193C,0.4076,Amb
A193D,0.9694,LPath
A193E,0.9273,LPath
A193F,0.6711,LPath
A193G,0.2784,LBen
A193H,0.8991,LPath
A193I,0.5028,Amb
A193K,0.9861,LPath
A193L,0.2563,LBen
A193M,0.2868,LBen
A193N,0.722,LPath
A193P,0.9991,LPath
A193Q,0.8538,LPath
A193R,0.9623,LPath
A193S,0.1788,LBen
A193T,0.1423,LBen
A193V,0.2045,LBen
A193W,0.9497,LPath
A193Y,0.8547,LPath
E194A,0.9102,LPath
E194C,0.9965,LPath
E194D,0.939,LPath
E194F,0.9991,LPath
E194G,0.87,LPath
E194H,0.9928,LPath
E194I,0.9965,LPath
E194K,0.9743,LPath
E194L,0.9943,LPath
E194M,0.9936,LPath
E194N,0.9814,LPath
E194P,0.9999,LPath
E194Q,0.7215,LPath
E194R,0.971,LPath
E194S,0.937,LPath
E194T,0.9731,LPath
E194V,0.9822,LPath
E194W,0.9996,LPath
E194Y,0.9979,LPath
N195A,0.9996,LPath
N195C,0.999,LPath
N195D,0.9995,LPath
N195E,0.9995,LPath
N195F,0.9997,LPath
N195G,0.9983,LPath
N195H,0.9984,LPath
N195I,0.998,LPath
N195K,0.9996,LPath
N195L,0.9976,LPath
N195M,0.9977,LPath
N195P,0.9999,LPath
N195Q,0.9996,LPath
N195R,0.9997,LPath
N195S,0.998,LPath
N195T,0.9972,LPath
N195V,0.9983,LPath
N195W,0.9998,LPath
N195Y,0.9966,LPath
R196A,0.9335,LPath
R196C,0.6741,LPath
R196D,0.9779,LPath
R196E,0.8961,LPath
R196F,0.9707,LPath
R196G,0.8937,LPath
R196H,0.3112,LBen
R196I,0.9164,LPath
R196K,0.3472,Amb
R196L,0.7912,LPath
R196M,0.9177,LPath
R196N,0.9508,LPath
R196P,0.9993,LPath
R196Q,0.269,LBen
R196S,0.9413,LPath
R196T,0.8798,LPath
R196V,0.9122,LPath
R196W,0.7945,LPath
R196Y,0.9058,LPath
L197A,0.7552,LPath
L197C,0.7045,LPath
L197D,0.9924,LPath
L197E,0.9335,LPath
L197F,0.5456,Amb
L197G,0.9336,LPath
L197H,0.7622,LPath
L197I,0.1793,LBen
L197K,0.9187,LPath
L197M,0.1886,LBen
L197N,0.7784,LPath
L197P,0.9992,LPath
L197Q,0.5705,LPath
L197R,0.8172,LPath
L197S,0.8663,LPath
L197T,0.8127,LPath
L197V,0.1884,LBen
L197W,0.7368,LPath
L197Y,0.7292,LPath
Q198A,0.7077,LPath
Q198C,0.9929,LPath
Q198D,0.9956,LPath
Q198E,0.8299,LPath
Q198F,0.9929,LPath
Q198G,0.9055,LPath
Q198H,0.9744,LPath
Q198I,0.9623,LPath
Q198K,0.9008,LPath
Q198L,0.718,LPath
Q198M,0.7843,LPath
Q198N,0.9473,LPath
Q198P,0.9992,LPath
Q198R,0.9074,LPath
Q198S,0.8625,LPath
Q198T,0.7611,LPath
Q198V,0.885,LPath
Q198W,0.9968,LPath
Q198Y,0.995,LPath
T199A,0.9795,LPath
T199C,0.9992,LPath
T199D,0.995,LPath
T199E,0.9953,LPath
T199F,0.9974,LPath
T199G,0.9488,LPath
T199H,0.9928,LPath
T199I,0.9987,LPath
T199K,0.9928,LPath
T199L,0.9886,LPath
T199M,0.9797,LPath
T199N,0.9802,LPath
T199P,0.994,LPath
T199Q,0.9885,LPath
T199R,0.9913,LPath
T199S,0.9374,LPath
T199V,0.9921,LPath
T199W,0.9987,LPath
T199Y,0.9969,LPath
M200A,0.4617,Amb
M200C,0.676,LPath
M200D,0.9881,LPath
M200E,0.8653,LPath
M200F,0.6178,LPath
M200G,0.8438,LPath
M200H,0.8298,LPath
M200I,0.3266,LBen
M200K,0.7331,LPath
M200L,0.0589,LBen
M200N,0.8472,LPath
M200P,0.9974,LPath
M200Q,0.4391,Amb
M200R,0.7158,LPath
M200S,0.686,LPath
M200T,0.3711,Amb
M200V,0.0777,LBen
M200W,0.8772,LPath
M200Y,0.8558,LPath
K201A,0.8786,LPath
K201C,0.9515,LPath
K201D,0.9765,LPath
K201E,0.7827,LPath
K201F,0.9905,LPath
K201G,0.894,LPath
K201H,0.6975,LPath
K201I,0.9043,LPath
K201L,0.8215,LPath
K201M,0.7507,LPath
K201N,0.9307,LPath
K201P,0.9977,LPath
K201Q,0.3229,LBen
K201R,0.1037,LBen
K201S,0.938,LPath
K201T,0.7332,LPath
K201V,0.839,LPath
K201W,0.9681,LPath
K201Y,0.9676,LPath
E202A,0.994,LPath
E202C,0.9998,LPath
E202D,0.9905,LPath
E202F,0.9999,LPath
E202G,0.9895,LPath
E202H,0.9996,LPath
E202I,0.9995,LPath
E202K,0.9984,LPath
E202L,0.9993,LPath
E202M,0.9993,LPath
E202N,0.9992,LPath
E202P,0.9999,LPath
E202Q,0.9927,LPath
E202R,0.998,LPath
E202S,0.9987,LPath
E202T,0.9987,LPath
E202V,0.9982,LPath
E202W,0.9999,LPath
E202Y,0.9997,LPath
E203A,0.9036,LPath
E203C,0.9982,LPath
E203D,0.6227,LPath
E203F,0.9992,LPath
E203G,0.9327,LPath
E203H,0.9868,LPath
E203I,0.9911,LPath
E203K,0.9652,LPath
E203L,0.9912,LPath
E203M,0.9886,LPath
E203N,0.9412,LPath
E203P,0.9998,LPath
E203Q,0.763,LPath
E203R,0.9749,LPath
E203S,0.9271,LPath
E203T,0.9537,LPath
E203V,0.9631,LPath
E203W,0.9994,LPath
E203Y,0.9949,LPath
L204A,0.7922,LPath
L204C,0.8278,LPath
L204D,0.9932,LPath
L204E,0.9561,LPath
L204F,0.8172,LPath
L204G,0.9423,LPath
L204H,0.855,LPath
L204I,0.3521,Amb
L204K,0.8676,LPath
L204M,0.2183,LBen
L204N,0.886,LPath
L204P,0.9993,LPath
L204Q,0.6929,LPath
L204R,0.6883,LPath
L204S,0.9409,LPath
L204T,0.8688,LPath
L204V,0.2944,LBen
L204W,0.8186,LPath
L204Y,0.8255,LPath
D205A,0.4387,Amb
D205C,0.9373,LPath
D205E,0.1536,LBen
D205F,0.9298,LPath
D205G,0.6458,LPath
D205H,0.8031,LPath
D205I,0.7982,LPath
D205K,0.9244,LPath
D205L,0.7374,LPath
D205M,0.8907,LPath
D205N,0.4028,Amb
D205P,0.996,LPath
D205Q,0.6859,LPath
D205R,0.9065,LPath
D205S,0.4444,Amb
D205T,0.5953,LPath
D205V,0.5824,LPath
D205W,0.9884,LPath
D205Y,0.7582,LPath
F206A,0.9997,LPath
F206C,0.9997,LPath
F206D,0.9996,LPath
F206E,0.9996,LPath
F206G,0.9997,LPath
F206H,0.9987,LPath
F206I,0.9979,LPath
F206K,0.9996,LPath
F206L,0.9997,LPath
F206M,0.9985,LPath
F206N,0.9996,LPath
F206P,1.0,LPath
F206Q,0.9994,LPath
F206R,0.9976,LPath
F206S,0.9998,LPath
F206T,0.9995,LPath
F206V,0.9985,LPath
F206W,0.9903,LPath
F206Y,0.9702,LPath
Q207A,0.7346,LPath
Q207C,0.9453,LPath
Q207D,0.9917,LPath
Q207E,0.5034,Amb
Q207F,0.9872,LPath
Q207G,0.8788,LPath
Q207H,0.8256,LPath
Q207I,0.9446,LPath
Q207K,0.6958,LPath
Q207L,0.5616,Amb
Q207M,0.7933,LPath
Q207N,0.8888,LPath
Q207P,0.9979,LPath
Q207R,0.5714,LPath
Q207S,0.7205,LPath
Q207T,0.7302,LPath
Q207V,0.8241,LPath
Q207W,0.979,LPath
Q207Y,0.9614,LPath
K208A,0.9727,LPath
K208C,0.9758,LPath
K208D,0.9907,LPath
K208E,0.9451,LPath
K208F,0.9978,LPath
K208G,0.9538,LPath
K208H,0.805,LPath
K208I,0.9864,LPath
K208L,0.9623,LPath
K208M,0.95,LPath
K208N,0.9722,LPath
K208P,0.9993,LPath
K208Q,0.612,LPath
K208R,0.1348,LBen
K208S,0.9821,LPath
K208T,0.9409,LPath
K208V,0.97,LPath
K208W,0.9895,LPath
K208Y,0.9819,LPath
N209A,0.6295,LPath
N209C,0.7354,LPath
N209D,0.6878,LPath
N209E,0.9252,LPath
N209F,0.9552,LPath
N209G,0.4525,Amb
N209H,0.3738,Amb
N209I,0.8933,LPath
N209K,0.9195,LPath
N209L,0.8203,LPath
N209M,0.7891,LPath
N209P,0.9967,LPath
N209Q,0.757,LPath
N209R,0.9119,LPath
N209S,0.167,LBen
N209T,0.3777,Amb
N209V,0.8299,LPath
N209W,0.9813,LPath
N209Y,0.7012,LPath
I210A,0.9801,LPath
I210C,0.9847,LPath
I210D,0.9985,LPath
I210E,0.9967,LPath
I210F,0.9284,LPath
I210G,0.9945,LPath
I210H,0.9935,LPath
I210K,0.9935,LPath
I210L,0.2906,LBen
I210M,0.5474,Amb
I210N,0.9791,LPath
I210P,0.9971,LPath
I210Q,0.9907,LPath
I210R,0.98,LPath
I210S,0.9769,LPath
I210T,0.9838,LPath
I210V,0.4056,Amb
I210W,0.993,LPath
I210Y,0.98,LPath
Y211A,0.8181,LPath
Y211C,0.3854,Amb
Y211D,0.9409,LPath
Y211E,0.9778,LPath
Y211F,0.1276,LBen
Y211G,0.8011,LPath
Y211H,0.4095,Amb
Y211I,0.8908,LPath
Y211K,0.9784,LPath
Y211L,0.6582,LPath
Y211M,0.8643,LPath
Y211N,0.6856,LPath
Y211P,0.997,LPath
Y211Q,0.8894,LPath
Y211R,0.8951,LPath
Y211S,0.5571,Amb
Y211T,0.8303,LPath
Y211V,0.7816,LPath
Y211W,0.6139,LPath
S212A,0.1082,LBen
S212C,0.2052,LBen
S212D,0.815,LPath
S212E,0.8082,LPath
S212F,0.6651,LPath
S212G,0.0989,LBen
S212H,0.6144,LPath
S212I,0.4949,Amb
S212K,0.9339,LPath
S212L,0.2254,LBen
S212M,0.2875,LBen
S212N,0.2315,LBen
S212P,0.9908,LPath
S212Q,0.6304,LPath
S212R,0.9058,LPath
S212T,0.1077,LBen
S212V,0.3992,Amb
S212W,0.7792,LPath
S212Y,0.6277,LPath
E213A,0.896,LPath
E213C,0.9959,LPath
E213D,0.9738,LPath
E213F,0.999,LPath
E213G,0.8943,LPath
E213H,0.9948,LPath
E213I,0.996,LPath
E213K,0.9633,LPath
E213L,0.9924,LPath
E213M,0.9898,LPath
E213N,0.9896,LPath
E213P,0.9996,LPath
E213Q,0.6855,LPath
E213R,0.9596,LPath
E213S,0.9479,LPath
E213T,0.9578,LPath
E213V,0.9702,LPath
E213W,0.9992,LPath
E213Y,0.9975,LPath
E214A,0.9549,LPath
E214C,0.9981,LPath
E214D,0.9822,LPath
E214F,0.9994,LPath
E214G,0.9726,LPath
E214H,0.9962,LPath
E214I,0.9952,LPath
E214K,0.9914,LPath
E214L,0.9967,LPath
E214M,0.9944,LPath
E214N,0.9929,LPath
E214P,0.9998,LPath
E214Q,0.8556,LPath
E214R,0.9882,LPath
E214S,0.9807,LPath
E214T,0.9835,LPath
E214V,0.9782,LPath
E214W,0.9998,LPath
E214Y,0.998,LPath
L215A,0.8828,LPath
L215C,0.9268,LPath
L215D,0.9957,LPath
L215E,0.9413,LPath
L215F,0.897,LPath
L215G,0.9685,LPath
L215H,0.9407,LPath
L215I,0.1792,LBen
L215K,0.871,LPath
L215M,0.1982,LBen
L215N,0.9327,LPath
L215P,0.9991,LPath
L215Q,0.7015,LPath
L215R,0.836,LPath
L215S,0.9617,LPath
L215T,0.8736,LPath
L215V,0.2161,LBen
L215W,0.9298,LPath
L215Y,0.9418,LPath
R216A,0.8879,LPath
R216C,0.732,LPath
R216D,0.9702,LPath
R216E,0.8375,LPath
R216F,0.9704,LPath
R216G,0.823,LPath
R216H,0.4002,Amb
R216I,0.8984,LPath
R216K,0.285,LBen
R216L,0.7356,LPath
R216M,0.8647,LPath
R216N,0.9389,LPath
R216P,0.9972,LPath
R216Q,0.2875,LBen
R216S,0.9357,LPath
R216T,0.8524,LPath
R216V,0.8842,LPath
R216W,0.7443,LPath
R216Y,0.9141,LPath
E217A,0.9461,LPath
E217C,0.998,LPath
E217D,0.7629,LPath
E217F,0.9986,LPath
E217G,0.9306,LPath
E217H,0.9938,LPath
E217I,0.996,LPath
E217K,0.9916,LPath
E217L,0.9937,LPath
E217M,0.9946,LPath
E217N,0.9791,LPath
E217P,0.9998,LPath
E217Q,0.929,LPath
E217R,0.9882,LPath
E217S,0.9621,LPath
E217T,0.9829,LPath
E217V,0.979,LPath
E217W,0.9994,LPath
E217Y,0.9961,LPath
T218A,0.2331,LBen
T218C,0.7213,LPath
T218D,0.9383,LPath
T218E,0.8798,LPath
T218F,0.8437,LPath
T218G,0.4921,Amb
T218H,0.8041,LPath
T218I,0.7091,LPath
T218K,0.8959,LPath
T218L,0.5142,Amb
T218M,0.2725,LBen
T218N,0.4603,Amb
T218P,0.986,LPath
T218Q,0.7127,LPath
T218R,0.8693,LPath
T218S,0.2436,LBen
T218V,0.4566,Amb
T218W,0.947,LPath
T218Y,0.8248,LPath
K219A,0.9724,LPath
K219C,0.9753,LPath
K219D,0.9969,LPath
K219E,0.9662,LPath
K219F,0.9969,LPath
K219G,0.9812,LPath
K219H,0.8451,LPath
K219I,0.9758,LPath
K219L,0.9585,LPath
K219M,0.9345,LPath
K219N,0.9926,LPath
K219P,0.9983,LPath
K219Q,0.6704,LPath
K219R,0.1225,LBen
K219S,0.9873,LPath
K219T,0.9328,LPath
K219V,0.9397,LPath
K219W,0.9903,LPath
K219Y,0.9867,LPath
R220A,0.9096,LPath
R220C,0.7339,LPath
R220D,0.9744,LPath
R220E,0.8786,LPath
R220F,0.9535,LPath
R220G,0.8301,LPath
R220H,0.3353,LBen
R220I,0.8662,LPath
R220K,0.3476,Amb
R220L,0.7325,LPath
R220M,0.8437,LPath
R220N,0.9389,LPath
R220P,0.9975,LPath
R220Q,0.3289,LBen
R220S,0.9301,LPath
R220T,0.8613,LPath
R220V,0.8735,LPath
R220W,0.742,LPath
R220Y,0.8646,LPath
R221A,0.9675,LPath
R221C,0.8281,LPath
R221D,0.9904,LPath
R221E,0.9479,LPath
R221F,0.9726,LPath
R221G,0.9456,LPath
R221H,0.5443,Amb
R221I,0.8886,LPath
R221K,0.4884,Amb
R221L,0.7927,LPath
R221M,0.9199,LPath
R221N,0.979,LPath
R221P,0.999,LPath
R221Q,0.4927,Amb
R221S,0.9805,LPath
R221T,0.951,LPath
R221V,0.9118,LPath
R221W,0.7909,LPath
R221Y,0.9251,LPath
H222A,0.8934,LPath
H222C,0.6815,LPath
H222D,0.9643,LPath
H222E,0.9329,LPath
H222F,0.6947,LPath
H222G,0.9169,LPath
H222I,0.9196,LPath
H222K,0.9172,LPath
H222L,0.5048,Amb
H222M,0.818,LPath
H222N,0.6654,LPath
H222P,0.9911,LPath
H222Q,0.7397,LPath
H222R,0.7745,LPath
H222S,0.8647,LPath
H222T,0.8596,LPath
H222V,0.8522,LPath
H222W,0.6817,LPath
H222Y,0.355,Amb
E223A,0.9063,LPath
E223C,0.9971,LPath
E223D,0.8745,LPath
E223F,0.9983,LPath
E223G,0.905,LPath
E223H,0.9876,LPath
E223I,0.9921,LPath
E223K,0.962,LPath
E223L,0.9889,LPath
E223M,0.9877,LPath
E223N,0.9777,LPath
E223P,0.9996,LPath
E223Q,0.7301,LPath
E223R,0.9563,LPath
E223S,0.9336,LPath
E223T,0.9581,LPath
E223V,0.9662,LPath
E223W,0.9995,LPath
E223Y,0.9966,LPath
T224A,0.4685,Amb
T224C,0.8939,LPath
T224D,0.9145,LPath
T224E,0.8379,LPath
T224F,0.9197,LPath
T224G,0.5645,LPath
T224H,0.8002,LPath
T224I,0.9008,LPath
T224K,0.8331,LPath
T224L,0.6319,LPath
T224M,0.3994,Amb
T224N,0.553,Amb
T224P,0.9782,LPath
T224Q,0.6573,LPath
T224R,0.8121,LPath
T224S,0.3854,Amb
T224V,0.7125,LPath
T224W,0.9689,LPath
T224Y,0.9022,LPath
R225A,0.9302,LPath
R225C,0.7789,LPath
R225D,0.9754,LPath
R225E,0.8971,LPath
R225F,0.972,LPath
R225G,0.921,LPath
R225H,0.4983,Amb
R225I,0.9099,LPath
R225K,0.5372,Amb
R225L,0.7963,LPath
R225M,0.9114,LPath
R225N,0.9664,LPath
R225P,0.9968,LPath
R225Q,0.4876,Amb
R225S,0.9563,LPath
R225T,0.9082,LPath
R225V,0.8825,LPath
R225W,0.8498,LPath
R225Y,0.9278,LPath
L226A,0.8707,LPath
L226C,0.9525,LPath
L226D,0.995,LPath
L226E,0.9482,LPath
L226F,0.8594,LPath
L226G,0.9803,LPath
L226H,0.9549,LPath
L226I,0.2899,LBen
L226K,0.9243,LPath
L226M,0.1926,LBen
L226N,0.9698,LPath
L226P,0.996,LPath
L226Q,0.8357,LPath
L226R,0.8903,LPath
L226S,0.9735,LPath
L226T,0.8523,LPath
L226V,0.2755,LBen
L226W,0.9305,LPath
L226Y,0.9543,LPath
V227A,0.861,LPath
V227C,0.9788,LPath
V227D,0.9733,LPath
V227E,0.8992,LPath
V227F,0.8655,LPath
V227G,0.7755,LPath
V227H,0.9812,LPath
V227I,0.3478,Amb
V227K,0.9551,LPath
V227L,0.8426,LPath
V227M,0.7816,LPath
V227N,0.9571,LPath
V227P,0.9949,LPath
V227Q,0.8726,LPath
V227R,0.9083,LPath
V227S,0.8815,LPath
V227T,0.7444,LPath
V227W,0.9911,LPath
V227Y,0.9755,LPath
E228A,0.9446,LPath
E228C,0.9972,LPath
E228D,0.9599,LPath
E228F,0.9988,LPath
E228G,0.9601,LPath
E228H,0.9941,LPath
E228I,0.9934,LPath
E228K,0.9886,LPath
E228L,0.9918,LPath
E228M,0.9907,LPath
E228N,0.993,LPath
E228P,0.9996,LPath
E228Q,0.8916,LPath
E228R,0.9826,LPath
E228S,0.9734,LPath
E228T,0.977,LPath
E228V,0.9747,LPath
E228W,0.9996,LPath
E228Y,0.9977,LPath
I229A,0.8856,LPath
I229C,0.9827,LPath
I229D,0.989,LPath
I229E,0.9644,LPath
I229F,0.7206,LPath
I229G,0.9798,LPath
I229H,0.9819,LPath
I229K,0.9602,LPath
I229L,0.252,LBen
I229M,0.2121,LBen
I229N,0.9372,LPath
I229P,0.995,LPath
I229Q,0.9623,LPath
I229R,0.9374,LPath
I229S,0.9521,LPath
I229T,0.8375,LPath
I229V,0.2929,LBen
I229W,0.9596,LPath
I229Y,0.9342,LPath
D230A,0.9539,LPath
D230C,0.9958,LPath
D230E,0.9202,LPath
D230F,0.9946,LPath
D230G,0.9211,LPath
D230H,0.9723,LPath
D230I,0.9946,LPath
D230K,0.9918,LPath
D230L,0.9873,LPath
D230M,0.9977,LPath
D230N,0.8595,LPath
D230P,0.9973,LPath
D230Q,0.9759,LPath
D230R,0.98,LPath
D230S,0.8752,LPath
D230T,0.9677,LPath
D230V,0.9789,LPath
D230W,0.9983,LPath
D230Y,0.9748,LPath
N231A,0.3145,LBen
N231C,0.3498,Amb
N231D,0.3831,Amb
N231E,0.7483,LPath
N231F,0.8212,LPath
N231G,0.2874,LBen
N231H,0.19,LBen
N231I,0.6145,LPath
N231K,0.7597,LPath
N231L,0.4866,Amb
N231M,0.5458,Amb
N231P,0.937,LPath
N231Q,0.5806,LPath
N231R,0.7024,LPath
N231S,0.0739,LBen
N231T,0.1606,LBen
N231V,0.5107,Amb
N231W,0.9134,LPath
N231Y,0.4647,Amb
G232A,0.7214,LPath
G232C,0.886,LPath
G232D,0.9426,LPath
G232E,0.9477,LPath
G232F,0.9851,LPath
G232H,0.9638,LPath
G232I,0.9631,LPath
G232K,0.9879,LPath
G232L,0.9716,LPath
G232M,0.9768,LPath
G232N,0.899,LPath
G232P,0.9977,LPath
G232Q,0.9437,LPath
G232R,0.9487,LPath
G232S,0.5315,Amb
G232T,0.8077,LPath
G232V,0.9187,LPath
G232W,0.9691,LPath
G232Y,0.9752,LPath
K233A,0.8414,LPath
K233C,0.8263,LPath
K233D,0.9657,LPath
K233E,0.7645,LPath
K233F,0.9668,LPath
K233G,0.8657,LPath
K233H,0.4628,Amb
K233I,0.8197,LPath
K233L,0.7119,LPath
K233M,0.6711,LPath
K233N,0.9023,LPath
K233P,0.9659,LPath
K233Q,0.3074,LBen
K233R,0.0875,LBen
K233S,0.9001,LPath
K233T,0.6804,LPath
K233V,0.7389,LPath
K233W,0.9417,LPath
K233Y,0.9051,LPath
Q234A,0.4426,Amb
Q234C,0.9372,LPath
Q234D,0.8771,LPath
Q234E,0.2597,LBen
Q234F,0.9639,LPath
Q234G,0.5697,LPath
Q234H,0.6381,LPath
Q234I,0.805,LPath
Q234K,0.3653,Amb
Q234L,0.4444,Amb
Q234M,0.6218,LPath
Q234N,0.6319,LPath
Q234P,0.9214,LPath
Q234R,0.3676,Amb
Q234S,0.5231,Amb
Q234T,0.4673,Amb
Q234V,0.5772,LPath
Q234W,0.9542,LPath
Q234Y,0.9072,LPath
R235A,0.3963,Amb
R235C,0.2516,LBen
R235D,0.7404,LPath
R235E,0.3534,Amb
R235F,0.7049,LPath
R235G,0.3168,LBen
R235H,0.1367,LBen
R235I,0.372,Amb
R235K,0.0961,LBen
R235L,0.2404,LBen
R235M,0.2903,LBen
R235N,0.6252,LPath
R235P,0.9488,LPath
R235Q,0.0819,LBen
R235S,0.5673,LPath
R235T,0.3017,LBen
R235V,0.3594,Amb
R235W,0.3121,LBen
R235Y,0.5522,Amb
E236A,0.5668,LPath
E236C,0.9787,LPath
E236D,0.1921,LBen
E236F,0.9727,LPath
E236G,0.713,LPath
E236H,0.907,LPath
E236I,0.8734,LPath
E236K,0.8951,LPath
E236L,0.8607,LPath
E236M,0.8974,LPath
E236N,0.7647,LPath
E236P,0.9947,LPath
E236Q,0.5765,LPath
E236R,0.8816,LPath
E236S,0.7011,LPath
E236T,0.79,LPath
E236V,0.7104,LPath
E236W,0.9924,LPath
E236Y,0.9412,LPath
F237A,0.9801,LPath
F237C,0.9713,LPath
F237D,0.9864,LPath
F237E,0.9871,LPath
F237G,0.9827,LPath
F237H,0.9572,LPath
F237I,0.9548,LPath
F237K,0.9898,LPath
F237L,0.9947,LPath
F237M,0.9367,LPath
F237N,0.9663,LPath
F237P,0.9999,LPath
F237Q,0.9807,LPath
F237R,0.976,LPath
F237S,0.9853,LPath
F237T,0.9786,LPath
F237V,0.9345,LPath
F237W,0.8112,LPath
F237Y,0.2838,LBen
E238A,0.8226,LPath
E238C,0.9912,LPath
E238D,0.6102,LPath
E238F,0.9962,LPath
E238G,0.855,LPath
E238H,0.9431,LPath
E238I,0.987,LPath
E238K,0.9126,LPath
E238L,0.9774,LPath
E238M,0.9838,LPath
E238N,0.9145,LPath
E238P,0.9983,LPath
E238Q,0.5372,Amb
E238R,0.8756,LPath
E238S,0.8113,LPath
E238T,0.9126,LPath
E238V,0.9449,LPath
E238W,0.998,LPath
E238Y,0.9893,LPath
S239A,0.1576,LBen
S239C,0.164,LBen
S239D,0.5625,Amb
S239E,0.735,LPath
S239F,0.5326,Amb
S239G,0.0962,LBen
S239H,0.4493,Amb
S239I,0.4779,Amb
S239K,0.8868,LPath
S239L,0.302,LBen
S239M,0.3072,LBen
S239N,0.1303,LBen
S239P,0.9951,LPath
S239Q,0.6199,LPath
S239R,0.8614,LPath
S239T,0.1288,LBen
S239V,0.4229,Amb
S239W,0.7035,LPath
S239Y,0.4323,Amb
R240A,0.8986,LPath
R240C,0.6765,LPath
R240D,0.9689,LPath
R240E,0.8324,LPath
R240F,0.971,LPath
R240G,0.8661,LPath
R240H,0.3612,Amb
R240I,0.8498,LPath
R240K,0.1256,LBen
R240L,0.708,LPath
R240M,0.8131,LPath
R240N,0.9378,LPath
R240P,0.993,LPath
R240Q,0.3038,LBen
R240S,0.935,LPath
R240T,0.826,LPath
R240V,0.8473,LPath
R240W,0.8487,LPath
R240Y,0.932,LPath
L241A,0.9811,LPath
L241C,0.9914,LPath
L241D,0.9996,LPath
L241E,0.9967,LPath
L241F,0.9707,LPath
L241G,0.9961,LPath
L241H,0.9946,LPath
L241I,0.8222,LPath
L241K,0.9905,LPath
L241M,0.5736,LPath
L241N,0.9977,LPath
L241P,0.9994,LPath
L241Q,0.9894,LPath
L241R,0.9859,LPath
L241S,0.9984,LPath
L241T,0.9881,LPath
L241V,0.8026,LPath
L241W,0.9927,LPath
L241Y,0.9914,LPath
A242C,0.5478,Amb
A242D,0.8737,LPath
A242E,0.7269,LPath
A242F,0.7633,LPath
A242G,0.2653,LBen
A242H,0.6871,LPath
A242I,0.8016,LPath
A242K,0.896,LPath
A242L,0.5524,Amb
A242M,0.5147,Amb
A242N,0.5427,Amb
A242P,0.9978,LPath
A242Q,0.4829,Amb
A242R,0.7939,LPath
A242S,0.0843,LBen
A242T,0.185,LBen
A242V,0.4754,Amb
A242W,0.9341,LPath
A242Y,0.7865,LPath
D243A,0.325,LBen
D243C,0.8308,LPath
D243E,0.1494,LBen
D243F,0.7732,LPath
D243G,0.3855,Amb
D243H,0.572,LPath
D243I,0.5963,LPath
D243K,0.6993,LPath
D243L,0.5382,Amb
D243M,0.7194,LPath
D243N,0.2187,LBen
D243P,0.9942,LPath
D243Q,0.4854,Amb
D243R,0.7339,LPath
D243S,0.2797,LBen
D243T,0.3921,Amb
D243V,0.3461,Amb
D243W,0.9602,LPath
D243Y,0.4174,Amb
A244C,0.8198,LPath
A244D,0.9893,LPath
A244E,0.9544,LPath
A244F,0.9666,LPath
A244G,0.7712,LPath
A244H,0.9446,LPath
A244I,0.9567,LPath
A244K,0.9837,LPath
A244L,0.8896,LPath
A244M,0.8588,LPath
A244N,0.9459,LPath
A244P,0.9998,LPath
A244Q,0.8591,LPath
A244R,0.9457,LPath
A244S,0.3879,Amb
A244T,0.5884,LPath
A244V,0.8006,LPath
A244W,0.996,LPath
A244Y,0.9789,LPath
L245A,0.9896,LPath
L245C,0.9951,LPath
L245D,0.9999,LPath
L245E,0.9983,LPath
L245F,0.9889,LPath
L245G,0.9985,LPath
L245H,0.9986,LPath
L245I,0.7799,LPath
L245K,0.9949,LPath
L245M,0.6734,LPath
L245N,0.9987,LPath
L245P,0.9997,LPath
L245Q,0.9946,LPath
L245R,0.9921,LPath
L245S,0.9987,LPath
L245T,0.9935,LPath
L245V,0.824,LPath
L245W,0.9974,LPath
L245Y,0.9974,LPath
Q246A,0.1852,LBen
Q246C,0.6497,LPath
Q246D,0.6099,LPath
Q246E,0.1514,LBen
Q246F,0.7198,LPath
Q246G,0.2719,LBen
Q246H,0.2147,LBen
Q246I,0.467,Amb
Q246K,0.183,LBen
Q246L,0.1385,LBen
Q246M,0.3295,LBen
Q246N,0.337,LBen
Q246P,0.9744,LPath
Q246R,0.1554,LBen
Q246S,0.2399,LBen
Q246T,0.221,LBen
Q246V,0.2715,LBen
Q246W,0.7526,LPath
Q246Y,0.5892,LPath
E247A,0.4097,Amb
E247C,0.944,LPath
E247D,0.0762,LBen
E247F,0.9347,LPath
E247G,0.3901,Amb
E247H,0.7867,LPath
E247I,0.8316,LPath
E247K,0.7798,LPath
E247L,0.7594,LPath
E247M,0.8296,LPath
E247N,0.4317,Amb
E247P,0.9972,LPath
E247Q,0.4036,Amb
E247R,0.8214,LPath
E247S,0.4205,Amb
E247T,0.5852,LPath
E247V,0.613,LPath
E247W,0.9822,LPath
E247Y,0.8657,LPath
L248A,0.9674,LPath
L248C,0.9853,LPath
L248D,0.9993,LPath
L248E,0.9926,LPath
L248F,0.9477,LPath
L248G,0.9952,LPath
L248H,0.993,LPath
L248I,0.606,LPath
L248K,0.9878,LPath
L248M,0.3034,LBen
L248N,0.9945,LPath
L248P,0.9997,LPath
L248Q,0.9805,LPath
L248R,0.9882,LPath
L248S,0.996,LPath
L248T,0.9852,LPath
L248V,0.7481,LPath
L248W,0.9866,LPath
L248Y,0.9752,LPath
R249A,0.9981,LPath
R249C,0.988,LPath
R249D,0.9994,LPath
R249E,0.9925,LPath
R249F,0.9994,LPath
R249G,0.9954,LPath
R249H,0.9431,LPath
R249I,0.9987,LPath
R249K,0.9128,LPath
R249L,0.9938,LPath
R249M,0.999,LPath
R249N,0.9991,LPath
R249P,0.9996,LPath
R249Q,0.8997,LPath
R249S,0.9988,LPath
R249T,0.9988,LPath
R249V,0.9979,LPath
R249W,0.9851,LPath
R249Y,0.9971,LPath
A250C,0.2638,LBen
A250D,0.3178,LBen
A250E,0.2311,LBen
A250F,0.2592,LBen
A250G,0.0994,LBen
A250H,0.2856,LBen
A250I,0.1771,LBen
A250K,0.3287,LBen
A250L,0.1186,LBen
A250M,0.1306,LBen
A250N,0.1591,LBen
A250P,0.9902,LPath
A250Q,0.1663,LBen
A250R,0.289,LBen
A250S,0.0731,LBen
A250T,0.0744,LBen
A250V,0.1031,LBen
A250W,0.6059,LPath
A250Y,0.364,Amb
Q251A,0.3624,Amb
Q251C,0.917,LPath
Q251D,0.782,LPath
Q251E,0.1799,LBen
Q251F,0.9453,LPath
Q251G,0.5545,Amb
Q251H,0.6072,LPath
Q251I,0.7623,LPath
Q251K,0.4921,Amb
Q251L,0.3639,Amb
Q251M,0.5385,Amb
Q251N,0.5732,LPath
Q251P,0.9944,LPath
Q251R,0.4868,Amb
Q251S,0.3809,Amb
Q251T,0.3709,Amb
Q251V,0.545,Amb
Q251W,0.9634,LPath
Q251Y,0.9252,LPath
H252A,0.9708,LPath
H252C,0.8763,LPath
H252D,0.9902,LPath
H252E,0.9843,LPath
H252F,0.9427,LPath
H252G,0.9698,LPath
H252I,0.9905,LPath
H252K,0.9832,LPath
H252L,0.8753,LPath
H252M,0.9575,LPath
H252N,0.7873,LPath
H252P,0.9982,LPath
H252Q,0.8999,LPath
H252R,0.9574,LPath
H252S,0.9507,LPath
H252T,0.9576,LPath
H252V,0.9748,LPath
H252W,0.9444,LPath
H252Y,0.7528,LPath
E253A,0.4942,Amb
E253C,0.9693,LPath
E253D,0.2574,LBen
E253F,0.9806,LPath
E253G,0.482,Amb
E253H,0.8461,LPath
E253I,0.9359,LPath
E253K,0.7415,LPath
E253L,0.9213,LPath
E253M,0.9077,LPath
E253N,0.5709,LPath
E253P,0.9986,LPath
E253Q,0.3992,Amb
E253R,0.7573,LPath
E253S,0.5006,Amb
E253T,0.6544,LPath
E253V,0.7892,LPath
E253W,0.9916,LPath
E253Y,0.9634,LPath
D254A,0.0964,LBen
D254C,0.432,Amb
D254E,0.0858,LBen
D254F,0.3533,Amb
D254G,0.1201,LBen
D254H,0.2238,LBen
D254I,0.2077,LBen
D254K,0.3306,LBen
D254L,0.1882,LBen
D254M,0.2802,LBen
D254N,0.0977,LBen
D254P,0.9862,LPath
D254Q,0.1789,LBen
D254R,0.3667,Amb
D254S,0.0981,LBen
D254T,0.1288,LBen
D254V,0.1217,LBen
D254W,0.7678,LPath
D254Y,0.1844,LBen
Q255A,0.5317,Amb
Q255C,0.9756,LPath
Q255D,0.853,LPath
Q255E,0.2925,LBen
Q255F,0.9876,LPath
Q255G,0.7738,LPath
Q255H,0.7991,LPath
Q255I,0.9296,LPath
Q255K,0.6536,LPath
Q255L,0.7038,LPath
Q255M,0.6906,LPath
Q255N,0.6696,LPath
Q255P,0.9966,LPath
Q255R,0.6897,LPath
Q255S,0.5522,Amb
Q255T,0.4858,Amb
Q255V,0.8079,LPath
Q255W,0.9907,LPath
Q255Y,0.9808,LPath
V256A,0.7913,LPath
V256C,0.9496,LPath
V256D,0.9898,LPath
V256E,0.9686,LPath
V256F,0.8658,LPath
V256G,0.8342,LPath
V256H,0.9899,LPath
V256I,0.1531,LBen
V256K,0.9759,LPath
V256L,0.6621,LPath
V256M,0.5912,LPath
V256N,0.9551,LPath
V256P,0.9986,LPath
V256Q,0.9471,LPath
V256R,0.9582,LPath
V256S,0.9195,LPath
V256T,0.7936,LPath
V256W,0.994,LPath
V256Y,0.9759,LPath
E257A,0.1064,LBen
E257C,0.6334,LPath
E257D,0.1084,LBen
E257F,0.6049,LPath
E257G,0.1272,LBen
E257H,0.2893,LBen
E257I,0.2923,LBen
E257K,0.1849,LBen
E257L,0.2149,LBen
E257M,0.3117,LBen
E257N,0.166,LBen
E257P,0.9816,LPath
E257Q,0.0849,LBen
E257R,0.2339,LBen
E257S,0.1265,LBen
E257T,0.1655,LBen
E257V,0.1815,LBen
E257W,0.8055,LPath
E257Y,0.4788,Amb
Q258A,0.156,LBen
Q258C,0.4827,Amb
Q258D,0.4232,Amb
Q258E,0.1109,LBen
Q258F,0.5678,LPath
Q258G,0.2545,LBen
Q258H,0.1714,LBen
Q258I,0.2281,LBen
Q258K,0.1624,LBen
Q258L,0.0746,LBen
Q258M,0.1879,LBen
Q258N,0.2264,LBen
Q258P,0.9627,LPath
Q258R,0.1588,LBen
Q258S,0.2121,LBen
Q258T,0.1432,LBen
Q258V,0.1595,LBen
Q258W,0.6661,LPath
Q258Y,0.416,Amb
Y259A,0.9925,LPath
Y259C,0.95,LPath
Y259D,0.9946,LPath
Y259E,0.9984,LPath
Y259F,0.5477,Amb
Y259G,0.9782,LPath
Y259H,0.9887,LPath
Y259I,0.9883,LPath
Y259K,0.9985,LPath
Y259L,0.9183,LPath
Y259M,0.9727,LPath
Y259N,0.9619,LPath
Y259P,0.9999,LPath
Y259Q,0.9968,LPath
Y259R,0.9959,LPath
Y259S,0.9808,LPath
Y259T,0.9909,LPath
Y259V,0.9619,LPath
Y259W,0.9636,LPath
K260A,0.991,LPath
K260C,0.9745,LPath
K260D,0.9994,LPath
K260E,0.9832,LPath
K260F,0.9992,LPath
K260G,0.9908,LPath
K260H,0.9152,LPath
K260I,0.9931,LPath
K260L,0.9855,LPath
K260M,0.9819,LPath
K260N,0.9981,LPath
K260P,0.9997,LPath
K260Q,0.7092,LPath
K260R,0.1221,LBen
K260S,0.9956,LPath
K260T,0.9832,LPath
K260V,0.9845,LPath
K260W,0.9961,LPath
K260Y,0.9955,LPath
K261A,0.2401,LBen
K261C,0.5255,Amb
K261D,0.4661,Amb
K261E,0.1661,LBen
K261F,0.719,LPath
K261G,0.3268,LBen
K261H,0.2225,LBen
K261I,0.3016,LBen
K261L,0.2318,LBen
K261M,0.1703,LBen
K261N,0.3293,LBen
K261P,0.9878,LPath
K261Q,0.089,LBen
K261R,0.0839,LBen
K261S,0.3198,LBen
K261T,0.1401,LBen
K261V,0.2338,LBen
K261W,0.6701,LPath
K261Y,0.5967,LPath
E262A,0.8848,LPath
E262C,0.9945,LPath
E262D,0.3166,LBen
E262F,0.9957,LPath
E262G,0.8818,LPath
E262H,0.9795,LPath
E262I,0.9859,LPath
E262K,0.9776,LPath
E262L,0.9804,LPath
E262M,0.9824,LPath
E262N,0.8856,LPath
E262P,0.9997,LPath
E262Q,0.8068,LPath
E262R,0.9765,LPath
E262S,0.9065,LPath
E262T,0.9553,LPath
E262V,0.9448,LPath
E262W,0.9983,LPath
E262Y,0.9851,LPath
L263A,0.949,LPath
L263C,0.9844,LPath
L263D,0.9993,LPath
L263E,0.9925,LPath
L263F,0.9735,LPath
L263G,0.9939,LPath
L263H,0.9954,LPath
L263I,0.2992,LBen
L263K,0.9895,LPath
L263M,0.3128,LBen
L263N,0.9924,LPath
L263P,0.9996,LPath
L263Q,0.9812,LPath
L263R,0.987,LPath
L263S,0.9951,LPath
L263T,0.9402,LPath
L263V,0.3815,Amb
L263W,0.9884,LPath
L263Y,0.9925,LPath
E264A,0.6058,LPath
E264C,0.9732,LPath
E264D,0.7083,LPath
E264F,0.9871,LPath
E264G,0.5691,LPath
E264H,0.9142,LPath
E264I,0.9304,LPath
E264K,0.8084,LPath
E264L,0.8907,LPath
E264M,0.9043,LPath
E264N,0.8785,LPath
E264P,0.9992,LPath
E264Q,0.3171,LBen
E264R,0.8185,LPath
E264S,0.6956,LPath
E264T,0.7751,LPath
E264V,0.7817,LPath
E264W,0.9946,LPath
E264Y,0.9752,LPath
K265A,0.5361,Amb
K265C,0.7676,LPath
K265D,0.7542,LPath
K265E,0.4291,Amb
K265F,0.9185,LPath
K265G,0.6346,LPath
K265H,0.3658,Amb
K265I,0.6243,LPath
K265L,0.4818,Amb
K265M,0.3342,LBen
K265N,0.5863,LPath
K265P,0.9961,LPath
K265Q,0.1762,LBen
K265R,0.1059,LBen
K265S,0.6445,LPath
K265T,0.3334,LBen
K265V,0.5226,Amb
K265W,0.8972,LPath
K265Y,0.8067,LPath
T266A,0.75,LPath
T266C,0.9619,LPath
T266D,0.975,LPath
T266E,0.9753,LPath
T266F,0.9782,LPath
T266G,0.8887,LPath
T266H,0.9386,LPath
T266I,0.9534,LPath
T266K,0.9724,LPath
T266L,0.8188,LPath
T266M,0.7144,LPath
T266N,0.6553,LPath
T266P,0.9875,LPath
T266Q,0.9386,LPath
T266R,0.9556,LPath
T266S,0.7721,LPath
T266V,0.8472,LPath
T266W,0.9928,LPath
T266Y,0.9665,LPath
Y267A,0.9963,LPath
Y267C,0.9519,LPath
Y267D,0.9987,LPath
Y267E,0.9996,LPath
Y267F,0.2475,LBen
Y267G,0.9937,LPath
Y267H,0.9815,LPath
Y267I,0.9932,LPath
Y267K,0.9996,LPath
Y267L,0.9723,LPath
Y267M,0.992,LPath
Y267N,0.9925,LPath
Y267P,0.9996,LPath
Y267Q,0.9992,LPath
Y267R,0.9976,LPath
Y267S,0.9901,LPath
Y267T,0.9968,LPath
Y267V,0.9771,LPath
Y267W,0.7832,LPath
S268A,0.0749,LBen
S268C,0.0958,LBen
S268D,0.4515,Amb
S268E,0.5472,Amb
S268F,0.2629,LBen
S268G,0.0651,LBen
S268H,0.2634,LBen
S268I,0.1656,LBen
S268K,0.6122,LPath
S268L,0.1206,LBen
S268M,0.1512,LBen
S268N,0.1007,LBen
S268P,0.9827,LPath
S268Q,0.3826,Amb
S268R,0.5532,Amb
S268T,0.0658,LBen
S268V,0.1531,LBen
S268W,0.5183,Amb
S268Y,0.2602,LBen
A269C,0.6286,LPath
A269D,0.8493,LPath
A269E,0.8346,LPath
A269F,0.765,LPath
A269G,0.3974,Amb
A269H,0.8031,LPath
A269I,0.7724,LPath
A269K,0.9667,LPath
A269L,0.4898,Amb
A269M,0.5259,Amb
A269N,0.5498,Amb
A269P,0.9981,LPath
A269Q,0.6952,LPath
A269R,0.919,LPath
A269S,0.1046,LBen
A269T,0.1993,LBen
A269V,0.4434,Amb
A269W,0.9609,LPath
A269Y,0.866,LPath
K270A,0.9825,LPath
K270C,0.979,LPath
K270D,0.9978,LPath
K270E,0.9859,LPath
K270F,0.9972,LPath
K270G,0.9919,LPath
K270H,0.9241,LPath
K270I,0.9884,LPath
K270L,0.9709,LPath
K270M,0.9565,LPath
K270N,0.9964,LPath
K270P,0.9986,LPath
K270Q,0.8629,LPath
K270R,0.305,LBen
K270S,0.9934,LPath
K270T,0.9658,LPath
K270V,0.9709,LPath
K270W,0.9959,LPath
K270Y,0.9871,LPath
L271A,0.954,LPath
L271C,0.9758,LPath
L271D,0.9989,LPath
L271E,0.9885,LPath
L271F,0.9395,LPath
L271G,0.9909,LPath
L271H,0.988,LPath
L271I,0.4957,Amb
L271K,0.9779,LPath
L271M,0.4618,Amb
L271N,0.9917,LPath
L271P,0.9993,LPath
L271Q,0.9728,LPath
L271R,0.9632,LPath
L271S,0.995,LPath
L271T,0.9693,LPath
L271V,0.4506,Amb
L271W,0.9664,LPath
L271Y,0.9671,LPath
D272A,0.5094,Amb
D272C,0.9139,LPath
D272E,0.1599,LBen
D272F,0.9014,LPath
D272G,0.4764,Amb
D272H,0.6821,LPath
D272I,0.8231,LPath
D272K,0.8429,LPath
D272L,0.7353,LPath
D272M,0.8932,LPath
D272N,0.3167,LBen
D272P,0.9965,LPath
D272Q,0.5851,LPath
D272R,0.8338,LPath
D272S,0.4006,Amb
D272T,0.5717,LPath
D272V,0.6078,LPath
D272W,0.9794,LPath
D272Y,0.6938,LPath
N273A,0.6021,LPath
N273C,0.5612,Amb
N273D,0.6733,LPath
N273E,0.9127,LPath
N273F,0.8589,LPath
N273G,0.5149,Amb
N273H,0.3209,LBen
N273I,0.7583,LPath
N273K,0.9401,LPath
N273L,0.6306,LPath
N273M,0.703,LPath
N273P,0.9927,LPath
N273Q,0.8216,LPath
N273R,0.9115,LPath
N273S,0.1534,LBen
N273T,0.3474,Amb
N273V,0.6777,LPath
N273W,0.9661,LPath
N273Y,0.5522,Amb
A274C,0.8539,LPath
A274D,0.9986,LPath
A274E,0.9926,LPath
A274F,0.926,LPath
A274G,0.8923,LPath
A274H,0.9838,LPath
A274I,0.8869,LPath
A274K,0.9979,LPath
A274L,0.5532,Amb
A274M,0.8047,LPath
A274N,0.9889,LPath
A274P,0.9996,LPath
A274Q,0.9704,LPath
A274R,0.9882,LPath
A274S,0.6197,LPath
A274T,0.7172,LPath
A274V,0.6904,LPath
A274W,0.9939,LPath
A274Y,0.9661,LPath
R275A,0.7377,LPath
R275C,0.3237,LBen
R275D,0.9609,LPath
R275E,0.7098,LPath
R275F,0.8208,LPath
R275G,0.646,LPath
R275H,0.1868,LBen
R275I,0.5564,Amb
R275K,0.1061,LBen
R275L,0.4602,Amb
R275M,0.5514,Amb
R275N,0.8709,LPath
R275P,0.9919,LPath
R275Q,0.1443,LBen
R275S,0.811,LPath
R275T,0.5924,LPath
R275V,0.5628,Amb
R275W,0.4776,Amb
R275Y,0.732,LPath
Q276A,0.2579,LBen
Q276C,0.7544,LPath
Q276D,0.771,LPath
Q276E,0.2048,LBen
Q276F,0.7396,LPath
Q276G,0.498,Amb
Q276H,0.3311,LBen
Q276I,0.3603,Amb
Q276K,0.3282,LBen
Q276L,0.0996,LBen
Q276M,0.2763,LBen
Q276N,0.4556,Amb
Q276P,0.9684,LPath
Q276R,0.3309,LBen
Q276S,0.3667,Amb
Q276T,0.2963,LBen
Q276V,0.2369,LBen
Q276W,0.8627,LPath
Q276Y,0.6623,LPath
S277A,0.1357,LBen
S277C,0.3271,LBen
S277D,0.932,LPath
S277E,0.9186,LPath
S277F,0.7259,LPath
S277G,0.3464,Amb
S277H,0.8469,LPath
S277I,0.6564,LPath
S277K,0.9876,LPath
S277L,0.2958,LBen
S277M,0.3494,Amb
S277N,0.6168,LPath
S277P,0.9962,LPath
S277Q,0.8693,LPath
S277R,0.9864,LPath
S277T,0.1894,LBen
S277V,0.4843,Amb
S277W,0.8597,LPath
S277Y,0.6869,LPath
A278C,0.8631,LPath
A278D,0.9917,LPath
A278E,0.9735,LPath
A278F,0.9336,LPath
A278G,0.66,LPath
A278H,0.9547,LPath
A278I,0.9354,LPath
A278K,0.9934,LPath
A278L,0.6737,LPath
A278M,0.766,LPath
A278N,0.9002,LPath
A278P,0.9993,LPath
A278Q,0.906,LPath
A278R,0.9677,LPath
A278S,0.2685,LBen
A278T,0.6563,LPath
A278V,0.695,LPath
A278W,0.9883,LPath
A278Y,0.9537,LPath
E279A,0.4916,Amb
E279C,0.9802,LPath
E279D,0.2536,LBen
E279F,0.9699,LPath
E279G,0.5385,Amb
E279H,0.8939,LPath
E279I,0.8603,LPath
E279K,0.7638,LPath
E279L,0.7917,LPath
E279M,0.8644,LPath
E279N,0.6884,LPath
E279P,0.9969,LPath
E279Q,0.407,Amb
E279R,0.8085,LPath
E279S,0.5676,LPath
E279T,0.7255,LPath
E279V,0.6637,LPath
E279W,0.9913,LPath
E279Y,0.9545,LPath
R280A,0.9155,LPath
R280C,0.7386,LPath
R280D,0.9556,LPath
R280E,0.8618,LPath
R280F,0.944,LPath
R280G,0.8178,LPath
R280H,0.3328,LBen
R280I,0.824,LPath
R280K,0.329,LBen
R280L,0.7332,LPath
R280M,0.8053,LPath
R280N,0.9149,LPath
R280P,0.9964,LPath
R280Q,0.3484,Amb
R280S,0.9456,LPath
R280T,0.8821,LPath
R280V,0.8622,LPath
R280W,0.6939,LPath
R280Y,0.8207,LPath
N281A,0.7441,LPath
N281C,0.6637,LPath
N281D,0.7928,LPath
N281E,0.9566,LPath
N281F,0.9372,LPath
N281G,0.5963,LPath
N281H,0.3557,Amb
N281I,0.919,LPath
N281K,0.9508,LPath
N281L,0.846,LPath
N281M,0.8798,LPath
N281P,0.9887,LPath
N281Q,0.8449,LPath
N281R,0.9427,LPath
N281S,0.1791,LBen
N281T,0.4886,Amb
N281V,0.8587,LPath
N281W,0.9785,LPath
N281Y,0.574,LPath
S282A,0.2915,LBen
S282C,0.4422,Amb
S282D,0.8987,LPath
S282E,0.9587,LPath
S282F,0.9352,LPath
S282G,0.1831,LBen
S282H,0.8352,LPath
S282I,0.8482,LPath
S282K,0.9896,LPath
S282L,0.6856,LPath
S282M,0.7246,LPath
S282N,0.3882,Amb
S282P,0.996,LPath
S282Q,0.9005,LPath
S282R,0.9791,LPath
S282T,0.2612,LBen
S282V,0.7999,LPath
S282W,0.948,LPath
S282Y,0.8817,LPath
N283A,0.2253,LBen
N283C,0.2544,LBen
N283D,0.3752,Amb
N283E,0.7244,LPath
N283F,0.6143,LPath
N283G,0.2349,LBen
N283H,0.1145,LBen
N283I,0.3605,Amb
N283K,0.744,LPath
N283L,0.2833,LBen
N283M,0.3942,Amb
N283P,0.9392,LPath
N283Q,0.4612,Amb
N283R,0.7026,LPath
N283S,0.0667,LBen
N283T,0.1285,LBen
N283V,0.2805,LBen
N283W,0.8753,LPath
N283Y,0.2873,LBen
L284A,0.485,Amb
L284C,0.8545,LPath
L284D,0.95,LPath
L284E,0.7871,LPath
L284F,0.4338,Amb
L284G,0.8586,LPath
L284H,0.6476,LPath
L284I,0.2388,LBen
L284K,0.7717,LPath
L284M,0.0922,LBen
L284N,0.763,LPath
L284P,0.9851,LPath
L284Q,0.4352,Amb
L284R,0.6743,LPath
L284S,0.6895,LPath
L284T,0.4958,Amb
L284V,0.1795,LBen
L284W,0.7435,LPath
L284Y,0.7706,LPath
V285A,0.2092,LBen
V285C,0.8609,LPath
V285D,0.9766,LPath
V285E,0.9268,LPath
V285F,0.6743,LPath
V285G,0.5583,Amb
V285H,0.965,LPath
V285I,0.2253,LBen
V285K,0.9642,LPath
V285L,0.5693,LPath
V285M,0.5077,Amb
V285N,0.9127,LPath
V285P,0.9685,LPath
V285Q,0.8727,LPath
V285R,0.9123,LPath
V285S,0.5045,Amb
V285T,0.4836,Amb
V285W,0.983,LPath
V285Y,0.9485,LPath
G286A,0.5789,LPath
G286C,0.8617,LPath
G286D,0.969,LPath
G286E,0.972,LPath
G286F,0.9797,LPath
G286H,0.9766,LPath
G286I,0.9509,LPath
G286K,0.9917,LPath
G286L,0.9467,LPath
G286M,0.957,LPath
G286N,0.9346,LPath
G286P,0.9983,LPath
G286Q,0.9634,LPath
G286R,0.9756,LPath
G286S,0.5578,Amb
G286T,0.7842,LPath
G286V,0.8684,LPath
G286W,0.9729,LPath
G286Y,0.9751,LPath
A287C,0.7471,LPath
A287D,0.8199,LPath
A287E,0.5869,LPath
A287F,0.7715,LPath
A287G,0.4306,Amb
A287H,0.8138,LPath
A287I,0.679,LPath
A287K,0.9317,LPath
A287L,0.4373,Amb
A287M,0.4138,Amb
A287N,0.631,LPath
A287P,0.9871,LPath
A287Q,0.5945,LPath
A287R,0.8864,LPath
A287S,0.1789,LBen
A287T,0.2031,LBen
A287V,0.3619,Amb
A287W,0.9636,LPath
A287Y,0.8752,LPath
A288C,0.7343,LPath
A288D,0.9948,LPath
A288E,0.9809,LPath
A288F,0.9017,LPath
A288G,0.6412,LPath
A288H,0.9609,LPath
A288I,0.8297,LPath
A288K,0.9922,LPath
A288L,0.6294,LPath
A288M,0.6536,LPath
A288N,0.936,LPath
A288P,0.9991,LPath
A288Q,0.9205,LPath
A288R,0.9721,LPath
A288S,0.2753,LBen
A288T,0.2821,LBen
A288V,0.4763,Amb
A288W,0.9875,LPath
A288Y,0.9534,LPath
H289A,0.8106,LPath
H289C,0.6255,LPath
H289D,0.9233,LPath
H289E,0.8836,LPath
H289F,0.7188,LPath
H289G,0.8134,LPath
H289I,0.8955,LPath
H289K,0.804,LPath
H289L,0.5364,Amb
H289M,0.8409,LPath
H289N,0.4829,Amb
H289P,0.9784,LPath
H289Q,0.5576,Amb
H289R,0.4668,Amb
H289S,0.7212,LPath
H289T,0.8004,LPath
H289V,0.7813,LPath
H289W,0.7385,LPath
H289Y,0.3693,Amb
E290A,0.9401,LPath
E290C,0.9975,LPath
E290D,0.8497,LPath
E290F,0.999,LPath
E290G,0.9021,LPath
E290H,0.9932,LPath
E290I,0.9938,LPath
E290K,0.969,LPath
E290L,0.9906,LPath
E290M,0.9912,LPath
E290N,0.9843,LPath
E290P,0.9996,LPath
E290Q,0.8727,LPath
E290R,0.9656,LPath
E290S,0.9563,LPath
E290T,0.9675,LPath
E290V,0.9716,LPath
E290W,0.9993,LPath
E290Y,0.9972,LPath
E291A,0.9234,LPath
E291C,0.9977,LPath
E291D,0.8015,LPath
E291F,0.9985,LPath
E291G,0.9471,LPath
E291H,0.9924,LPath
E291I,0.9916,LPath
E291K,0.9844,LPath
E291L,0.9908,LPath
E291M,0.9894,LPath
E291N,0.9779,LPath
E291P,0.9997,LPath
E291Q,0.9036,LPath
E291R,0.9835,LPath
E291S,0.9617,LPath
E291T,0.9757,LPath
E291V,0.968,LPath
E291W,0.9996,LPath
E291Y,0.9952,LPath
L292A,0.8612,LPath
L292C,0.9065,LPath
L292D,0.9967,LPath
L292E,0.9715,LPath
L292F,0.9072,LPath
L292G,0.9613,LPath
L292H,0.9456,LPath
L292I,0.2744,LBen
L292K,0.9502,LPath
L292M,0.3278,LBen
L292N,0.8956,LPath
L292P,0.9994,LPath
L292Q,0.8574,LPath
L292R,0.9122,LPath
L292S,0.954,LPath
L292T,0.8755,LPath
L292V,0.2385,LBen
L292W,0.9511,LPath
L292Y,0.9403,LPath
Q293A,0.3829,Amb
Q293C,0.8917,LPath
Q293D,0.9275,LPath
Q293E,0.3439,Amb
Q293F,0.9285,LPath
Q293G,0.5196,Amb
Q293H,0.5177,Amb
Q293I,0.7599,LPath
Q293K,0.5783,LPath
Q293L,0.2752,LBen
Q293M,0.5167,Amb
Q293N,0.6133,LPath
Q293P,0.9793,LPath
Q293R,0.5086,Amb
Q293S,0.4147,Amb
Q293T,0.439,Amb
Q293V,0.517,Amb
Q293W,0.9413,LPath
Q293Y,0.8563,LPath
Q294A,0.3076,LBen
Q294C,0.9147,LPath
Q294D,0.814,LPath
Q294E,0.1955,LBen
Q294F,0.9295,LPath
Q294G,0.4393,Amb
Q294H,0.5664,LPath
Q294I,0.7504,LPath
Q294K,0.6031,LPath
Q294L,0.3228,LBen
Q294M,0.5124,Amb
Q294N,0.4885,Amb
Q294P,0.9831,LPath
Q294R,0.5977,LPath
Q294S,0.3623,Amb
Q294T,0.3455,Amb
Q294V,0.5082,Amb
Q294W,0.9712,LPath
Q294Y,0.8814,LPath
S295A,0.1298,LBen
S295C,0.1338,LBen
S295D,0.9687,LPath
S295E,0.9699,LPath
S295F,0.7843,LPath
S295G,0.1768,LBen
S295H,0.8679,LPath
S295I,0.7125,LPath
S295K,0.9949,LPath
S295L,0.4277,Amb
S295M,0.4125,Amb
S295N,0.5072,Amb
S295P,0.9962,LPath
S295Q,0.9181,LPath
S295R,0.9912,LPath
S295T,0.1146,LBen
S295V,0.515,Amb
S295W,0.8796,LPath
S295Y,0.706,LPath
R296A,0.9012,LPath
R296C,0.607,LPath
R296D,0.9661,LPath
R296E,0.9093,LPath
R296F,0.9378,LPath
R296G,0.7729,LPath
R296H,0.225,LBen
R296I,0.8966,LPath
R296K,0.3843,Amb
R296L,0.7805,LPath
R296M,0.8994,LPath
R296N,0.9203,LPath
R296P,0.9967,LPath
R296Q,0.3457,Amb
R296S,0.9082,LPath
R296T,0.8568,LPath
R296V,0.8726,LPath
R296W,0.712,LPath
R296Y,0.8395,LPath
I297A,0.9177,LPath
I297C,0.931,LPath
I297D,0.9867,LPath
I297E,0.9696,LPath
I297F,0.5107,Amb
I297G,0.9476,LPath
I297H,0.9487,LPath
I297K,0.9714,LPath
I297L,0.2737,LBen
I297M,0.2475,LBen
I297N,0.8644,LPath
I297P,0.9922,LPath
I297Q,0.9271,LPath
I297R,0.948,LPath
I297S,0.8821,LPath
I297T,0.9113,LPath
I297V,0.229,LBen
I297W,0.9433,LPath
I297Y,0.851,LPath
R298A,0.98,LPath
R298C,0.8691,LPath
R298D,0.9893,LPath
R298E,0.9634,LPath
R298F,0.9879,LPath
R298G,0.9585,LPath
R298H,0.5238,Amb
R298I,0.9741,LPath
R298K,0.6117,LPath
R298L,0.9053,LPath
R298M,0.9755,LPath
R298N,0.9857,LPath
R298P,0.9986,LPath
R298Q,0.587,LPath
R298S,0.9812,LPath
R298T,0.9656,LPath
R298V,0.9692,LPath
R298W,0.9088,LPath
R298Y,0.9617,LPath
I299A,0.6584,LPath
I299C,0.8693,LPath
I299D,0.9928,LPath
I299E,0.9692,LPath
I299F,0.6435,LPath
I299G,0.9224,LPath
I299H,0.9648,LPath
I299K,0.9753,LPath
I299L,0.1972,LBen
I299M,0.1284,LBen
I299N,0.8218,LPath
I299P,0.996,LPath
I299Q,0.9342,LPath
I299R,0.9472,LPath
I299S,0.7807,LPath
I299T,0.5102,Amb
I299V,0.131,LBen
I299W,0.9688,LPath
I299Y,0.932,LPath
D300A,0.9496,LPath
D300C,0.9957,LPath
D300E,0.6382,LPath
D300F,0.9927,LPath
D300G,0.923,LPath
D300H,0.972,LPath
D300I,0.9936,LPath
D300K,0.9918,LPath
D300L,0.984,LPath
D300M,0.9962,LPath
D300N,0.8213,LPath
D300P,0.9993,LPath
D300Q,0.9693,LPath
D300R,0.9855,LPath
D300S,0.869,LPath
D300T,0.9548,LPath
D300V,0.9749,LPath
D300W,0.999,LPath
D300Y,0.9733,LPath
S301A,0.1769,LBen
S301C,0.3061,LBen
S301D,0.8845,LPath
S301E,0.94,LPath
S301F,0.7034,LPath
S301G,0.1076,LBen
S301H,0.7524,LPath
S301I,0.6272,LPath
S301K,0.9876,LPath
S301L,0.3845,Amb
S301M,0.4259,Amb
S301N,0.2875,LBen
S301P,0.9941,LPath
S301Q,0.8778,LPath
S301R,0.9802,LPath
S301T,0.1218,LBen
S301V,0.5248,Amb
S301W,0.8972,LPath
S301Y,0.6978,LPath
L302A,0.7377,LPath
L302C,0.8186,LPath
L302D,0.9944,LPath
L302E,0.9539,LPath
L302F,0.5236,Amb
L302G,0.9473,LPath
L302H,0.8351,LPath
L302I,0.4037,Amb
L302K,0.9478,LPath
L302M,0.2002,LBen
L302N,0.8943,LPath
L302P,0.999,LPath
L302Q,0.671,LPath
L302R,0.9035,LPath
L302S,0.854,LPath
L302T,0.753,LPath
L302V,0.2989,LBen
L302W,0.9017,LPath
L302Y,0.805,LPath
S303A,0.1756,LBen
S303C,0.3719,Amb
S303D,0.9644,LPath
S303E,0.9637,LPath
S303F,0.8539,LPath
S303G,0.1592,LBen
S303H,0.8672,LPath
S303I,0.8618,LPath
S303K,0.9937,LPath
S303L,0.4601,Amb
S303M,0.5836,LPath
S303N,0.5858,LPath
S303P,0.9946,LPath
S303Q,0.9001,LPath
S303R,0.9876,LPath
S303T,0.179,LBen
S303V,0.7189,LPath
S303W,0.9262,LPath
S303Y,0.8334,LPath
A304C,0.6195,LPath
A304D,0.9086,LPath
A304E,0.8629,LPath
A304F,0.5344,Amb
A304G,0.1663,LBen
A304H,0.7438,LPath
A304I,0.5329,Amb
A304K,0.9662,LPath
A304L,0.2916,LBen
A304M,0.3197,LBen
A304N,0.44,Amb
A304P,0.9907,LPath
A304Q,0.6611,LPath
A304R,0.9314,LPath
A304S,0.0859,LBen
A304T,0.1,LBen
A304V,0.2456,LBen
A304W,0.9272,LPath
A304Y,0.7455,LPath
Q305A,0.3552,Amb
Q305C,0.9238,LPath
Q305D,0.7404,LPath
Q305E,0.1437,LBen
Q305F,0.9587,LPath
Q305G,0.4826,Amb
Q305H,0.4697,Amb
Q305I,0.8318,LPath
Q305K,0.5543,Amb
Q305L,0.3825,Amb
Q305M,0.6256,LPath
Q305N,0.4728,Amb
Q305P,0.9708,LPath
Q305R,0.5424,Amb
Q305S,0.2618,LBen
Q305T,0.3091,LBen
Q305V,0.584,LPath
Q305W,0.9749,LPath
Q305Y,0.8946,LPath
L306A,0.7092,LPath
L306C,0.6517,LPath
L306D,0.9823,LPath
L306E,0.9017,LPath
L306F,0.5512,Amb
L306G,0.8832,LPath
L306H,0.7007,LPath
L306I,0.1352,LBen
L306K,0.8949,LPath
L306M,0.2076,LBen
L306N,0.597,LPath
L306P,0.9991,LPath
L306Q,0.6096,LPath
L306R,0.7976,LPath
L306S,0.82,LPath
L306T,0.6959,LPath
L306V,0.1009,LBen
L306W,0.8341,LPath
L306Y,0.6655,LPath
S307A,0.1255,LBen
S307C,0.2494,LBen
S307D,0.9172,LPath
S307E,0.9489,LPath
S307F,0.6185,LPath
S307G,0.1239,LBen
S307H,0.7706,LPath
S307I,0.6127,LPath
S307K,0.9889,LPath
S307L,0.2253,LBen
S307M,0.3766,Amb
S307N,0.3786,Amb
S307P,0.9744,LPath
S307Q,0.8369,LPath
S307R,0.9793,LPath
S307T,0.1512,LBen
S307V,0.4918,Amb
S307W,0.8217,LPath
S307Y,0.6447,LPath
Q308A,0.1348,LBen
Q308C,0.6869,LPath
Q308D,0.5654,LPath
Q308E,0.2029,LBen
Q308F,0.588,LPath
Q308G,0.1903,LBen
Q308H,0.1775,LBen
Q308I,0.3057,LBen
Q308K,0.4144,Amb
Q308L,0.0826,LBen
Q308M,0.2138,LBen
Q308N,0.1914,LBen
Q308P,0.8488,LPath
Q308R,0.385,Amb
Q308S,0.1243,LBen
Q308T,0.1253,LBen
Q308V,0.1577,LBen
Q308W,0.815,LPath
Q308Y,0.4801,Amb
L309A,0.6099,LPath
L309C,0.6691,LPath
L309D,0.9867,LPath
L309E,0.8905,LPath
L309F,0.4295,Amb
L309G,0.8714,LPath
L309H,0.6669,LPath
L309I,0.3307,LBen
L309K,0.8657,LPath
L309M,0.1875,LBen
L309N,0.7952,LPath
L309P,0.9989,LPath
L309Q,0.4961,Amb
L309R,0.7873,LPath
L309S,0.7861,LPath
L309T,0.641,LPath
L309V,0.2488,LBen
L309W,0.7122,LPath
L309Y,0.5737,LPath
Q310A,0.6424,LPath
Q310C,0.9539,LPath
Q310D,0.9455,LPath
Q310E,0.2919,LBen
Q310F,0.9864,LPath
Q310G,0.5526,Amb
Q310H,0.7445,LPath
Q310I,0.9334,LPath
Q310K,0.6256,LPath
Q310L,0.5732,LPath
Q310M,0.8142,LPath
Q310N,0.7095,LPath
Q310P,0.9796,LPath
Q310R,0.5833,LPath
Q310S,0.5727,LPath
Q310T,0.6045,LPath
Q310V,0.7918,LPath
Q310W,0.9852,LPath
Q310Y,0.9635,LPath
K311A,0.8928,LPath
K311C,0.9364,LPath
K311D,0.9694,LPath
K311E,0.9356,LPath
K311F,0.9885,LPath
K311G,0.7897,LPath
K311H,0.7036,LPath
K311I,0.9546,LPath
K311L,0.8797,LPath
K311M,0.8499,LPath
K311N,0.922,LPath
K311P,0.9945,LPath
K311Q,0.5858,LPath
K311R,0.1776,LBen
K311S,0.9126,LPath
K311T,0.8343,LPath
K311V,0.9047,LPath
K311W,0.981,LPath
K311Y,0.9456,LPath
Q312A,0.2681,LBen
Q312C,0.8679,LPath
Q312D,0.6292,LPath
Q312E,0.1647,LBen
Q312F,0.9131,LPath
Q312G,0.4015,Amb
Q312H,0.4742,Amb
Q312I,0.5655,LPath
Q312K,0.4179,Amb
Q312L,0.1647,LBen
Q312M,0.3646,Amb
Q312N,0.3801,Amb
Q312P,0.9612,LPath
Q312R,0.5,Amb
Q312S,0.2799,LBen
Q312T,0.2356,LBen
Q312V,0.3269,LBen
Q312W,0.9519,LPath
Q312Y,0.8176,LPath
L313A,0.3479,Amb
L313C,0.5587,Amb
L313D,0.9447,LPath
L313E,0.7276,LPath
L313F,0.4792,Amb
L313G,0.6769,LPath
L313H,0.4342,Amb
L313I,0.1783,LBen
L313K,0.7015,LPath
L313M,0.1374,LBen
L313N,0.4046,Amb
L313P,0.9976,LPath
L313Q,0.2906,LBen
L313R,0.5492,Amb
L313S,0.5243,Amb
L313T,0.4234,Amb
L313V,0.109,LBen
L313W,0.6612,LPath
L313Y,0.5586,Amb
A314C,0.4575,Amb
A314D,0.7546,LPath
A314E,0.7285,LPath
A314F,0.4795,Amb
A314G,0.1461,LBen
A314H,0.6412,LPath
A314I,0.3805,Amb
A314K,0.9247,LPath
A314L,0.2102,LBen
A314M,0.2804,LBen
A314N,0.3192,LBen
A314P,0.974,LPath
A314Q,0.5511,Amb
A314R,0.8703,LPath
A314S,0.0819,LBen
A314T,0.101,LBen
A314V,0.1652,LBen
A314W,0.8768,LPath
A314Y,0.6806,LPath
A315C,0.5918,LPath
A315D,0.851,LPath
A315E,0.8113,LPath
A315F,0.5904,LPath
A315G,0.1571,LBen
A315H,0.7867,LPath
A315I,0.4545,Amb
A315K,0.9562,LPath
A315L,0.2526,LBen
A315M,0.312,LBen
A315N,0.4383,Amb
A315P,0.9852,LPath
A315Q,0.6317,LPath
A315R,0.9244,LPath
A315S,0.1107,LBen
A315T,0.1191,LBen
A315V,0.1971,LBen
A315W,0.9341,LPath
A315Y,0.7935,LPath
K316A,0.6344,LPath
K316C,0.8237,LPath
K316D,0.9269,LPath
K316E,0.6145,LPath
K316F,0.984,LPath
K316G,0.6645,LPath
K316H,0.5862,LPath
K316I,0.9369,LPath
K316L,0.7918,LPath
K316M,0.725,LPath
K316N,0.8201,LPath
K316P,0.9941,LPath
K316Q,0.288,LBen
K316R,0.0924,LBen
K316S,0.6673,LPath
K316T,0.5013,Amb
K316V,0.8163,LPath
K316W,0.9586,LPath
K316Y,0.9173,LPath
E317A,0.6174,LPath
E317C,0.9862,LPath
E317D,0.2296,LBen
E317F,0.988,LPath
E317G,0.5536,Amb
E317H,0.9337,LPath
E317I,0.9187,LPath
E317K,0.888,LPath
E317L,0.9007,LPath
E317M,0.9315,LPath
E317N,0.6945,LPath
E317P,0.9984,LPath
E317Q,0.5849,LPath
E317R,0.9051,LPath
E317S,0.6841,LPath
E317T,0.7227,LPath
E317V,0.7362,LPath
E317W,0.9958,LPath
E317Y,0.9669,LPath
A318C,0.5795,LPath
A318D,0.6932,LPath
A318E,0.6968,LPath
A318F,0.572,LPath
A318G,0.1151,LBen
A318H,0.7181,LPath
A318I,0.5056,Amb
A318K,0.9385,LPath
A318L,0.3033,LBen
A318M,0.3155,LBen
A318N,0.2662,LBen
A318P,0.9918,LPath
A318Q,0.5886,LPath
A318R,0.9032,LPath
A318S,0.0834,LBen
A318T,0.113,LBen
A318V,0.2285,LBen
A318W,0.9137,LPath
A318Y,0.7308,LPath
K319A,0.7276,LPath
K319C,0.8404,LPath
K319D,0.9604,LPath
K319E,0.7802,LPath
K319F,0.9633,LPath
K319G,0.8474,LPath
K319H,0.4565,Amb
K319I,0.8307,LPath
K319L,0.6784,LPath
K319M,0.6489,LPath
K319N,0.9118,LPath
K319P,0.9912,LPath
K319Q,0.3012,LBen
K319R,0.0898,LBen
K319S,0.8488,LPath
K319T,0.5962,LPath
K319V,0.6815,LPath
K319W,0.9411,LPath
K319Y,0.9073,LPath
L320A,0.4063,Amb
L320C,0.5421,Amb
L320D,0.958,LPath
L320E,0.7244,LPath
L320F,0.4395,Amb
L320G,0.674,LPath
L320H,0.5206,Amb
L320I,0.1069,LBen
L320K,0.7065,LPath
L320M,0.1335,LBen
L320N,0.5126,Amb
L320P,0.9945,LPath
L320Q,0.2656,LBen
L320R,0.5446,Amb
L320S,0.5899,LPath
L320T,0.4246,Amb
L320V,0.0816,LBen
L320W,0.6513,LPath
L320Y,0.5892,LPath
R321A,0.4393,Amb
R321C,0.2089,LBen
R321D,0.7543,LPath
R321E,0.5425,Amb
R321F,0.6868,LPath
R321G,0.297,LBen
R321H,0.0859,LBen
R321I,0.5051,Amb
R321K,0.1374,LBen
R321L,0.3186,LBen
R321M,0.4888,Amb
R321N,0.6052,LPath
R321P,0.9691,LPath
R321Q,0.1108,LBen
R321S,0.5247,Amb
R321T,0.3871,Amb
R321V,0.4876,Amb
R321W,0.3181,LBen
R321Y,0.4932,Amb
D322A,0.7723,LPath
D322C,0.9621,LPath
D322E,0.3153,LBen
D322F,0.9338,LPath
D322G,0.7809,LPath
D322H,0.8955,LPath
D322I,0.8935,LPath
D322K,0.9654,LPath
D322L,0.837,LPath
D322M,0.9454,LPath
D322N,0.6202,LPath
D322P,0.9973,LPath
D322Q,0.8798,LPath
D322R,0.9597,LPath
D322S,0.7116,LPath
D322T,0.809,LPath
D322V,0.7299,LPath
D322W,0.9909,LPath
D322Y,0.7776,LPath
L323A,0.3834,Amb
L323C,0.6898,LPath
L323D,0.979,LPath
L323E,0.8423,LPath
L323F,0.5921,LPath
L323G,0.8334,LPath
L323H,0.685,LPath
L323I,0.2803,LBen
L323K,0.7075,LPath
L323M,0.1532,LBen
L323N,0.827,LPath
L323P,0.9985,LPath
L323Q,0.4622,Amb
L323R,0.6257,LPath
L323S,0.6698,LPath
L323T,0.3566,Amb
L323V,0.1649,LBen
L323W,0.8176,LPath
L323Y,0.8113,LPath
E324A,0.6879,LPath
E324C,0.9848,LPath
E324D,0.7788,LPath
E324F,0.9959,LPath
E324G,0.6574,LPath
E324H,0.9479,LPath
E324I,0.955,LPath
E324K,0.872,LPath
E324L,0.9314,LPath
E324M,0.9474,LPath
E324N,0.8963,LPath
E324P,0.9989,LPath
E324Q,0.4464,Amb
E324R,0.8754,LPath
E324S,0.7457,LPath
E324T,0.7874,LPath
E324V,0.8271,LPath
E324W,0.9976,LPath
E324Y,0.9893,LPath
D325A,0.3813,Amb
D325C,0.8928,LPath
D325E,0.1882,LBen
D325F,0.8196,LPath
D325G,0.3806,Amb
D325H,0.7252,LPath
D325I,0.713,LPath
D325K,0.8463,LPath
D325L,0.6526,LPath
D325M,0.8047,LPath
D325N,0.2872,LBen
D325P,0.995,LPath
D325Q,0.6594,LPath
D325R,0.8534,LPath
D325S,0.374,Amb
D325T,0.5045,Amb
D325V,0.4608,Amb
D325W,0.9741,LPath
D325Y,0.5421,Amb
S326A,0.0531,LBen
S326C,0.0987,LBen
S326D,0.6484,LPath
S326E,0.6823,LPath
S326F,0.2417,LBen
S326G,0.0862,LBen
S326H,0.4653,Amb
S326I,0.164,LBen
S326K,0.8842,LPath
S326L,0.0946,LBen
S326M,0.1231,LBen
S326N,0.1838,LBen
S326P,0.9598,LPath
S326Q,0.5433,Amb
S326R,0.8487,LPath
S326T,0.0748,LBen
S326V,0.1238,LBen
S326W,0.5609,Amb
S326Y,0.2969,LBen
L327A,0.5066,Amb
L327C,0.6817,LPath
L327D,0.9797,LPath
L327E,0.8594,LPath
L327F,0.3396,LBen
L327G,0.847,LPath
L327H,0.5487,Amb
L327I,0.2033,LBen
L327K,0.7732,LPath
L327M,0.1405,LBen
L327N,0.7765,LPath
L327P,0.9958,LPath
L327Q,0.3895,Amb
L327R,0.5664,LPath
L327S,0.6988,LPath
L327T,0.5854,LPath
L327V,0.1248,LBen
L327W,0.6628,LPath
L327Y,0.5985,LPath
A328C,0.4075,Amb
A328D,0.6041,LPath
A328E,0.5237,Amb
A328F,0.3847,Amb
A328G,0.1106,LBen
A328H,0.5178,Amb
A328I,0.2805,LBen
A328K,0.8286,LPath
A328L,0.1519,LBen
A328M,0.2196,LBen
A328N,0.2244,LBen
A328P,0.9656,LPath
A328Q,0.3686,Amb
A328R,0.7393,LPath
A328S,0.0709,LBen
A328T,0.0808,LBen
A328V,0.138,LBen
A328W,0.8189,LPath
A328Y,0.5869,LPath
R329A,0.5998,LPath
R329C,0.4147,Amb
R329D,0.8625,LPath
R329E,0.6351,LPath
R329F,0.7895,LPath
R329G,0.4272,Amb
R329H,0.1773,LBen
R329I,0.6226,LPath
R329K,0.1763,LBen
R329L,0.4176,Amb
R329M,0.5764,LPath
R329N,0.7956,LPath
R329P,0.9804,LPath
R329Q,0.1624,LBen
R329S,0.7139,LPath
R329T,0.52,Amb
R329V,0.5853,LPath
R329W,0.4145,Amb
R329Y,0.6483,LPath
E330A,0.7528,LPath
E330C,0.9846,LPath
E330D,0.4745,Amb
E330F,0.9918,LPath
E330G,0.821,LPath
E330H,0.9579,LPath
E330I,0.9623,LPath
E330K,0.9415,LPath
E330L,0.9368,LPath
E330M,0.9624,LPath
E330N,0.9051,LPath
E330P,0.9995,LPath
E330Q,0.6363,LPath
E330R,0.9427,LPath
E330S,0.8273,LPath
E330T,0.8963,LPath
E330V,0.8744,LPath
E330W,0.9963,LPath
E330Y,0.9801,LPath
R331A,0.8285,LPath
R331C,0.6315,LPath
R331D,0.9459,LPath
R331E,0.7207,LPath
R331F,0.956,LPath
R331G,0.654,LPath
R331H,0.232,LBen
R331I,0.8669,LPath
R331K,0.172,LBen
R331L,0.7141,LPath
R331M,0.8169,LPath
R331N,0.8895,LPath
R331P,0.9942,LPath
R331Q,0.188,LBen
R331S,0.8909,LPath
R331T,0.7651,LPath
R331V,0.8415,LPath
R331W,0.6895,LPath
R331Y,0.8483,LPath
D332A,0.6213,LPath
D332C,0.9464,LPath
D332E,0.2181,LBen
D332F,0.9268,LPath
D332G,0.5852,LPath
D332H,0.8433,LPath
D332I,0.8769,LPath
D332K,0.9271,LPath
D332L,0.8144,LPath
D332M,0.9301,LPath
D332N,0.4402,Amb
D332P,0.9957,LPath
D332Q,0.7922,LPath
D332R,0.9261,LPath
D332S,0.5388,Amb
D332T,0.7066,LPath
D332V,0.6702,LPath
D332W,0.9901,LPath
D332Y,0.7767,LPath
T333A,0.0789,LBen
T333C,0.3182,LBen
T333D,0.5132,Amb
T333E,0.5904,LPath
T333F,0.2908,LBen
T333G,0.1016,LBen
T333H,0.2837,LBen
T333I,0.2727,LBen
T333K,0.5951,LPath
T333L,0.1246,LBen
T333M,0.1258,LBen
T333N,0.1086,LBen
T333P,0.7369,LPath
T333Q,0.3625,Amb
T333R,0.5045,Amb
T333S,0.0766,LBen
T333V,0.1704,LBen
T333W,0.689,LPath
T333Y,0.3543,Amb
S334A,0.1528,LBen
S334C,0.141,LBen
S334D,0.8949,LPath
S334E,0.9438,LPath
S334F,0.5841,LPath
S334G,0.1014,LBen
S334H,0.6227,LPath
S334I,0.6933,LPath
S334K,0.9852,LPath
S334L,0.4335,Amb
S334M,0.4604,Amb
S334N,0.2467,LBen
S334P,0.987,LPath
S334Q,0.8455,LPath
S334R,0.9713,LPath
S334T,0.1683,LBen
S334V,0.5444,Amb
S334W,0.7364,LPath
S334Y,0.5121,Amb
R335A,0.8685,LPath
R335C,0.5013,Amb
R335D,0.9664,LPath
R335E,0.87,LPath
R335F,0.9077,LPath
R335G,0.7337,LPath
R335H,0.2305,LBen
R335I,0.8448,LPath
R335K,0.3419,Amb
R335L,0.6422,LPath
R335M,0.8462,LPath
R335N,0.926,LPath
R335P,0.9925,LPath
R335Q,0.2385,LBen
R335S,0.9002,LPath
R335T,0.8559,LPath
R335V,0.8204,LPath
R335W,0.5886,LPath
R335Y,0.7901,LPath
R336A,0.7021,LPath
R336C,0.3505,Amb
R336D,0.8944,LPath
R336E,0.7435,LPath
R336F,0.7655,LPath
R336G,0.5487,Amb
R336H,0.1452,LBen
R336I,0.5893,LPath
R336K,0.2128,LBen
R336L,0.4298,Amb
R336M,0.6162,LPath
R336N,0.7928,LPath
R336P,0.9789,LPath
R336Q,0.165,LBen
R336S,0.7705,LPath
R336T,0.6189,LPath
R336V,0.5987,LPath
R336W,0.4312,Amb
R336Y,0.5904,LPath
L337A,0.3128,LBen
L337C,0.6025,LPath
L337D,0.8578,LPath
L337E,0.561,Amb
L337F,0.2227,LBen
L337G,0.608,LPath
L337H,0.3361,LBen
L337I,0.0917,LBen
L337K,0.5128,Amb
L337M,0.096,LBen
L337N,0.4424,Amb
L337P,0.971,LPath
L337Q,0.1848,LBen
L337R,0.359,Amb
L337S,0.4106,Amb
L337T,0.2986,LBen
L337V,0.0944,LBen
L337W,0.4494,Amb
L337Y,0.4782,Amb
L338A,0.744,LPath
L338C,0.886,LPath
L338D,0.9913,LPath
L338E,0.9303,LPath
L338F,0.6305,LPath
L338G,0.9274,LPath
L338H,0.7987,LPath
L338I,0.2269,LBen
L338K,0.8981,LPath
L338M,0.1955,LBen
L338N,0.9067,LPath
L338P,0.9946,LPath
L338Q,0.6066,LPath
L338R,0.7826,LPath
L338S,0.8813,LPath
L338T,0.735,LPath
L338V,0.2026,LBen
L338W,0.8657,LPath
L338Y,0.8807,LPath
A339C,0.4941,Amb
A339D,0.5488,Amb
A339E,0.5087,Amb
A339F,0.4742,Amb
A339G,0.1022,LBen
A339H,0.6036,LPath
A339I,0.4064,Amb
A339K,0.8643,LPath
A339L,0.1916,LBen
A339M,0.2663,LBen
A339N,0.2806,LBen
A339P,0.979,LPath
A339Q,0.4431,Amb
A339R,0.7924,LPath
A339S,0.0826,LBen
A339T,0.0967,LBen
A339V,0.1785,LBen
A339W,0.8424,LPath
A339Y,0.6512,LPath
E340A,0.3162,LBen
E340C,0.917,LPath
E340D,0.0763,LBen
E340F,0.9173,LPath
E340G,0.2464,LBen
E340H,0.7434,LPath
E340I,0.7516,LPath
E340K,0.6579,LPath
E340L,0.6831,LPath
E340M,0.8005,LPath
E340N,0.3648,Amb
E340P,0.9842,LPath
E340Q,0.3076,LBen
E340R,0.705,LPath
E340S,0.3274,LBen
E340T,0.5099,Amb
E340V,0.5112,Amb
E340W,0.97,LPath
E340Y,0.8514,LPath
K341A,0.9773,LPath
K341C,0.9893,LPath
K341D,0.9929,LPath
K341E,0.9634,LPath
K341F,0.999,LPath
K341G,0.9697,LPath
K341H,0.9276,LPath
K341I,0.9933,LPath
K341L,0.962,LPath
K341M,0.957,LPath
K341N,0.9851,LPath
K341P,0.9992,LPath
K341Q,0.8213,LPath
K341R,0.2347,LBen
K341S,0.9921,LPath
K341T,0.9532,LPath
K341V,0.978,LPath
K341W,0.9972,LPath
K341Y,0.9895,LPath
E342A,0.8906,LPath
E342C,0.9949,LPath
E342D,0.1526,LBen
E342F,0.9965,LPath
E342G,0.7286,LPath
E342H,0.9799,LPath
E342I,0.9867,LPath
E342K,0.9678,LPath
E342L,0.9804,LPath
E342M,0.9896,LPath
E342N,0.7881,LPath
E342P,0.9986,LPath
E342Q,0.8121,LPath
E342R,0.9623,LPath
E342S,0.8531,LPath
E342T,0.9376,LPath
E342V,0.9451,LPath
E342W,0.9983,LPath
E342Y,0.9858,LPath
R343A,0.4341,Amb
R343C,0.3945,Amb
R343D,0.715,LPath
R343E,0.432,Amb
R343F,0.7979,LPath
R343G,0.2844,LBen
R343H,0.1558,LBen
R343I,0.5164,Amb
R343K,0.1155,LBen
R343L,0.3547,Amb
R343M,0.4136,Amb
R343N,0.6247,LPath
R343P,0.9836,LPath
R343Q,0.1041,LBen
R343S,0.5893,LPath
R343T,0.3426,Amb
R343V,0.4911,Amb
R343W,0.4343,Amb
R343Y,0.6277,LPath
E344A,0.7254,LPath
E344C,0.9853,LPath
E344D,0.2864,LBen
E344F,0.9885,LPath
E344G,0.7675,LPath
E344H,0.9398,LPath
E344I,0.9502,LPath
E344K,0.9313,LPath
E344L,0.9267,LPath
E344M,0.9541,LPath
E344N,0.8613,LPath
E344P,0.9992,LPath
E344Q,0.5834,LPath
E344R,0.926,LPath
E344S,0.7844,LPath
E344T,0.8835,LPath
E344V,0.8574,LPath
E344W,0.9958,LPath
E344Y,0.9776,LPath
M345A,0.9488,LPath
M345C,0.9751,LPath
M345D,0.9963,LPath
M345E,0.9839,LPath
M345F,0.9366,LPath
M345G,0.981,LPath
M345H,0.9904,LPath
M345I,0.8806,LPath
M345K,0.9688,LPath
M345L,0.5488,Amb
M345N,0.9603,LPath
M345P,0.9994,LPath
M345Q,0.9321,LPath
M345R,0.9695,LPath
M345S,0.9773,LPath
M345T,0.9469,LPath
M345V,0.3984,Amb
M345W,0.9953,LPath
M345Y,0.9875,LPath
A346C,0.6872,LPath
A346D,0.718,LPath
A346E,0.6128,LPath
A346F,0.7531,LPath
A346G,0.1833,LBen
A346H,0.7429,LPath
A346I,0.6459,LPath
A346K,0.9002,LPath
A346L,0.3554,Amb
A346M,0.3923,Amb
A346N,0.4018,Amb
A346P,0.9973,LPath
A346Q,0.5184,Amb
A346R,0.8184,LPath
A346S,0.1051,LBen
A346T,0.1247,LBen
A346V,0.2969,LBen
A346W,0.9443,LPath
A346Y,0.8309,LPath
E347A,0.2115,LBen
E347C,0.9177,LPath
E347D,0.0797,LBen
E347F,0.883,LPath
E347G,0.2593,LBen
E347H,0.6445,LPath
E347I,0.6568,LPath
E347K,0.5507,Amb
E347L,0.5581,Amb
E347M,0.6861,LPath
E347N,0.3237,LBen
E347P,0.991,LPath
E347Q,0.2331,LBen
E347R,0.6268,LPath
E347S,0.2612,LBen
E347T,0.3659,Amb
E347V,0.3875,Amb
E347W,0.9692,LPath
E347Y,0.8213,LPath
M348A,0.93,LPath
M348C,0.9575,LPath
M348D,0.9934,LPath
M348E,0.9787,LPath
M348F,0.8496,LPath
M348G,0.9666,LPath
M348H,0.9787,LPath
M348I,0.7769,LPath
M348K,0.9577,LPath
M348L,0.3649,Amb
M348N,0.9319,LPath
M348P,0.9992,LPath
M348Q,0.9155,LPath
M348R,0.9696,LPath
M348S,0.953,LPath
M348T,0.8808,LPath
M348V,0.3824,Amb
M348W,0.981,LPath
M348Y,0.954,LPath
R349A,0.9549,LPath
R349C,0.8912,LPath
R349D,0.9791,LPath
R349E,0.8974,LPath
R349F,0.9871,LPath
R349G,0.8682,LPath
R349H,0.5056,Amb
R349I,0.9751,LPath
R349K,0.5305,Amb
R349L,0.9085,LPath
R349M,0.9626,LPath
R349N,0.9654,LPath
R349P,0.9973,LPath
R349Q,0.4287,Amb
R349S,0.9694,LPath
R349T,0.9332,LPath
R349V,0.9563,LPath
R349W,0.9078,LPath
R349Y,0.9498,LPath
A350C,0.4667,Amb
A350D,0.5053,Amb
A350E,0.3848,Amb
A350F,0.413,Amb
A350G,0.1364,LBen
A350H,0.4557,Amb
A350I,0.3658,Amb
A350K,0.7466,LPath
A350L,0.1739,LBen
A350M,0.2331,LBen
A350N,0.2627,LBen
A350P,0.9922,LPath
A350Q,0.2974,LBen
A350R,0.646,LPath
A350S,0.0833,LBen
A350T,0.102,LBen
A350V,0.1746,LBen
A350W,0.8324,LPath
A350Y,0.5813,LPath
R351A,0.5458,Amb
R351C,0.3305,LBen
R351D,0.851,LPath
R351E,0.5607,Amb
R351F,0.8329,LPath
R351G,0.487,Amb
R351H,0.1874,LBen
R351I,0.5661,LPath
R351K,0.166,LBen
R351L,0.3755,Amb
R351M,0.5116,Amb
R351N,0.7451,LPath
R351P,0.9924,LPath
R351Q,0.1275,LBen
R351S,0.6721,LPath
R351T,0.4232,Amb
R351V,0.5015,Amb
R351W,0.5652,LPath
R351Y,0.7391,LPath
M352A,0.9801,LPath
M352C,0.9641,LPath
M352D,0.9995,LPath
M352E,0.9959,LPath
M352F,0.9474,LPath
M352G,0.9901,LPath
M352H,0.9943,LPath
M352I,0.9733,LPath
M352K,0.9881,LPath
M352L,0.5111,Amb
M352N,0.9918,LPath
M352P,0.9998,LPath
M352Q,0.9362,LPath
M352R,0.9876,LPath
M352S,0.9852,LPath
M352T,0.9834,LPath
M352V,0.782,LPath
M352W,0.9949,LPath
M352Y,0.9892,LPath
Q353A,0.4929,Amb
Q353C,0.9717,LPath
Q353D,0.9356,LPath
Q353E,0.3451,Amb
Q353F,0.9757,LPath
Q353G,0.5719,LPath
Q353H,0.8223,LPath
Q353I,0.8826,LPath
Q353K,0.639,LPath
Q353L,0.4667,Amb
Q353M,0.6999,LPath
Q353N,0.7523,LPath
Q353P,0.9948,LPath
Q353R,0.5794,LPath
Q353S,0.5856,LPath
Q353T,0.5749,LPath
Q353V,0.709,LPath
Q353W,0.981,LPath
Q353Y,0.9607,LPath
Q354A,0.2144,LBen
Q354C,0.7188,LPath
Q354D,0.5499,Amb
Q354E,0.1339,LBen
Q354F,0.7789,LPath
Q354G,0.309,LBen
Q354H,0.2975,LBen
Q354I,0.417,Amb
Q354K,0.216,LBen
Q354L,0.1302,LBen
Q354M,0.3147,LBen
Q354N,0.3954,Amb
Q354P,0.9823,LPath
Q354R,0.2089,LBen
Q354S,0.3029,LBen
Q354T,0.2554,LBen
Q354V,0.2583,LBen
Q354W,0.8283,LPath
Q354Y,0.6624,LPath
Q355A,0.6356,LPath
Q355C,0.9847,LPath
Q355D,0.9873,LPath
Q355E,0.7365,LPath
Q355F,0.9894,LPath
Q355G,0.888,LPath
Q355H,0.9509,LPath
Q355I,0.9524,LPath
Q355K,0.903,LPath
Q355L,0.7011,LPath
Q355M,0.7226,LPath
Q355N,0.9031,LPath
Q355P,0.9964,LPath
Q355R,0.9123,LPath
Q355S,0.7488,LPath
Q355T,0.7046,LPath
Q355V,0.8568,LPath
Q355W,0.996,LPath
Q355Y,0.9826,LPath
L356A,0.9653,LPath
L356C,0.9877,LPath
L356D,0.9982,LPath
L356E,0.9908,LPath
L356F,0.9729,LPath
L356G,0.9878,LPath
L356H,0.9908,LPath
L356I,0.7453,LPath
L356K,0.9853,LPath
L356M,0.6093,LPath
L356N,0.987,LPath
L356P,0.9995,LPath
L356Q,0.9805,LPath
L356R,0.9666,LPath
L356S,0.9946,LPath
L356T,0.9651,LPath
L356V,0.7439,LPath
L356W,0.9831,LPath
L356Y,0.9837,LPath
D357A,0.7729,LPath
D357C,0.9754,LPath
D357E,0.5199,Amb
D357F,0.9698,LPath
D357G,0.759,LPath
D357H,0.8947,LPath
D357I,0.9551,LPath
D357K,0.9631,LPath
D357L,0.8967,LPath
D357M,0.9679,LPath
D357N,0.5383,Amb
D357P,0.999,LPath
D357Q,0.8818,LPath
D357R,0.9444,LPath
D357S,0.6659,LPath
D357T,0.8162,LPath
D357V,0.8334,LPath
D357W,0.9902,LPath
D357Y,0.8582,LPath
E358A,0.9226,LPath
E358C,0.9964,LPath
E358D,0.3618,Amb
E358F,0.9987,LPath
E358G,0.9315,LPath
E358H,0.9856,LPath
E358I,0.9949,LPath
E358K,0.9765,LPath
E358L,0.9927,LPath
E358M,0.9936,LPath
E358N,0.9273,LPath
E358P,0.9998,LPath
E358Q,0.876,LPath
E358R,0.9635,LPath
E358S,0.9233,LPath
E358T,0.9677,LPath
E358V,0.9798,LPath
E358W,0.9993,LPath
E358Y,0.9956,LPath
Y359A,0.9985,LPath
Y359C,0.9971,LPath
Y359D,0.9984,LPath
Y359E,0.9995,LPath
Y359F,0.8419,LPath
Y359G,0.9904,LPath
Y359H,0.9975,LPath
Y359I,0.9977,LPath
Y359K,0.9993,LPath
Y359L,0.9651,LPath
Y359M,0.9957,LPath
Y359N,0.9904,LPath
Y359P,0.9998,LPath
Y359Q,0.9994,LPath
Y359R,0.9984,LPath
Y359S,0.9969,LPath
Y359T,0.9982,LPath
Y359V,0.9931,LPath
Y359W,0.9885,LPath
Q360A,0.6959,LPath
Q360C,0.9918,LPath
Q360D,0.9889,LPath
Q360E,0.3311,LBen
Q360F,0.9986,LPath
Q360G,0.7483,LPath
Q360H,0.9632,LPath
Q360I,0.9921,LPath
Q360K,0.8252,LPath
Q360L,0.9374,LPath
Q360M,0.9477,LPath
Q360N,0.9415,LPath
Q360P,0.9983,LPath
Q360R,0.7088,LPath
Q360S,0.7603,LPath
Q360T,0.7927,LPath
Q360V,0.954,LPath
Q360W,0.9971,LPath
Q360Y,0.9969,LPath
E361A,0.796,LPath
E361C,0.9899,LPath
E361D,0.3896,Amb
E361F,0.9935,LPath
E361G,0.7587,LPath
E361H,0.958,LPath
E361I,0.9796,LPath
E361K,0.9604,LPath
E361L,0.9684,LPath
E361M,0.9703,LPath
E361N,0.8606,LPath
E361P,0.9989,LPath
E361Q,0.7128,LPath
E361R,0.9502,LPath
E361S,0.8239,LPath
E361T,0.9187,LPath
E361V,0.9124,LPath
E361W,0.9979,LPath
E361Y,0.9823,LPath
L362A,0.9949,LPath
L362C,0.9987,LPath
L362D,0.9998,LPath
L362E,0.9993,LPath
L362F,0.9982,LPath
L362G,0.9988,LPath
L362H,0.9994,LPath
L362I,0.9504,LPath
L362K,0.9982,LPath
L362M,0.9503,LPath
L362N,0.9984,LPath
L362P,0.9999,LPath
L362Q,0.9992,LPath
L362R,0.9972,LPath
L362S,0.9997,LPath
L362T,0.9971,LPath
L362V,0.9691,LPath
L362W,0.9994,LPath
L362Y,0.9978,LPath
L363A,0.9867,LPath
L363C,0.9919,LPath
L363D,0.9997,LPath
L363E,0.9975,LPath
L363F,0.9887,LPath
L363G,0.9959,LPath
L363H,0.9963,LPath
L363I,0.9653,LPath
L363K,0.995,LPath
L363M,0.6369,LPath
L363N,0.9979,LPath
L363P,0.9998,LPath
L363Q,0.9899,LPath
L363R,0.9859,LPath
L363S,0.9976,LPath
L363T,0.9932,LPath
L363V,0.9573,LPath
L363W,0.9934,LPath
L363Y,0.9959,LPath
D364A,0.9891,LPath
D364C,0.9991,LPath
D364E,0.9907,LPath
D364F,0.9987,LPath
D364G,0.9201,LPath
D364H,0.9958,LPath
D364I,0.9994,LPath
D364K,0.9992,LPath
D364L,0.9971,LPath
D364M,0.9995,LPath
D364N,0.9678,LPath
D364P,0.9996,LPath
D364Q,0.9979,LPath
D364R,0.9985,LPath
D364S,0.975,LPath
D364T,0.9964,LPath
D364V,0.9957,LPath
D364W,0.9996,LPath
D364Y,0.9907,LPath
I365A,0.9915,LPath
I365C,0.9926,LPath
I365D,0.9967,LPath
I365E,0.9908,LPath
I365F,0.9766,LPath
I365G,0.9973,LPath
I365H,0.9979,LPath
I365K,0.9954,LPath
I365L,0.8765,LPath
I365M,0.8794,LPath
I365N,0.9842,LPath
I365P,0.9991,LPath
I365Q,0.9959,LPath
I365R,0.9918,LPath
I365S,0.9839,LPath
I365T,0.9248,LPath
I365V,0.3181,LBen
I365W,0.9979,LPath
I365Y,0.9952,LPath
K366A,0.9989,LPath
K366C,0.9984,LPath
K366D,0.9999,LPath
K366E,0.9996,LPath
K366F,0.9999,LPath
K366G,0.9991,LPath
K366H,0.9915,LPath
K366I,0.9991,LPath
K366L,0.9971,LPath
K366M,0.9973,LPath
K366N,0.9996,LPath
K366P,0.9995,LPath
K366Q,0.9941,LPath
K366R,0.8109,LPath
K366S,0.9992,LPath
K366T,0.9929,LPath
K366V,0.9978,LPath
K366W,0.9999,LPath
K366Y,0.9993,LPath
L367A,0.9871,LPath
L367C,0.9952,LPath
L367D,0.9993,LPath
L367E,0.9966,LPath
L367F,0.9861,LPath
L367G,0.9955,LPath
L367H,0.9965,LPath
L367I,0.6728,LPath
L367K,0.9938,LPath
L367M,0.816,LPath
L367N,0.9952,LPath
L367P,0.9997,LPath
L367Q,0.9939,LPath
L367R,0.9896,LPath
L367S,0.9986,LPath
L367T,0.9806,LPath
L367V,0.6055,LPath
L367W,0.9953,LPath
L367Y,0.9954,LPath
A368C,0.9685,LPath
A368D,0.9979,LPath
A368E,0.9948,LPath
A368F,0.9815,LPath
A368G,0.9115,LPath
A368H,0.9883,LPath
A368I,0.9959,LPath
A368K,0.9969,LPath
A368L,0.8884,LPath
A368M,0.9381,LPath
A368N,0.9893,LPath
A368P,0.9995,LPath
A368Q,0.9294,LPath
A368R,0.9782,LPath
A368S,0.6498,LPath
A368T,0.9452,LPath
A368V,0.98,LPath
A368W,0.9983,LPath
A368Y,0.9926,LPath
L369A,0.9974,LPath
L369C,0.9996,LPath
L369D,1.0,LPath
L369E,0.9997,LPath
L369F,0.9995,LPath
L369G,0.9993,LPath
L369H,0.9999,LPath
L369I,0.9943,LPath
L369K,0.9993,LPath
L369M,0.9805,LPath
L369N,0.9998,LPath
L369P,1.0,LPath
L369Q,0.9998,LPath
L369R,0.9986,LPath
L369S,0.9998,LPath
L369T,0.9984,LPath
L369V,0.9933,LPath
L369W,0.9996,LPath
L369Y,0.9998,LPath
D370A,0.9979,LPath
D370C,0.9999,LPath
D370E,0.9955,LPath
D370F,0.9997,LPath
D370G,0.9973,LPath
D370H,0.9984,LPath
D370I,0.9999,LPath
D370K,0.9996,LPath
D370L,0.999,LPath
D370M,0.9999,LPath
D370N,0.9938,LPath
D370P,0.9999,LPath
D370Q,0.9988,LPath
D370R,0.999,LPath
D370S,0.9954,LPath
D370T,0.9989,LPath
D370V,0.9988,LPath
D370W,0.9999,LPath
D370Y,0.9978,LPath
M371A,0.9854,LPath
M371C,0.9765,LPath
M371D,0.9983,LPath
M371E,0.9931,LPath
M371F,0.9694,LPath
M371G,0.9855,LPath
M371H,0.99,LPath
M371I,0.991,LPath
M371K,0.9791,LPath
M371L,0.7007,LPath
M371N,0.9672,LPath
M371P,0.9999,LPath
M371Q,0.9535,LPath
M371R,0.9786,LPath
M371S,0.9826,LPath
M371T,0.9499,LPath
M371V,0.6844,LPath
M371W,0.9937,LPath
M371Y,0.9941,LPath
E372A,0.9992,LPath
E372C,0.9999,LPath
E372D,0.9998,LPath
E372F,1.0,LPath
E372G,0.9996,LPath
E372H,0.9998,LPath
E372I,0.9999,LPath
E372K,0.9996,LPath
E372L,0.9999,LPath
E372M,0.9999,LPath
E372N,0.9999,LPath
E372P,1.0,LPath
E372Q,0.9963,LPath
E372R,0.9993,LPath
E372S,0.9998,LPath
E372T,0.9997,LPath
E372V,0.9997,LPath
E372W,1.0,LPath
E372Y,1.0,LPath
I373A,0.9996,LPath
I373C,1.0,LPath
I373D,1.0,LPath
I373E,0.9996,LPath
I373F,0.9989,LPath
I373G,0.9999,LPath
I373H,1.0,LPath
I373K,0.9998,LPath
I373L,0.9592,LPath
I373M,0.9901,LPath
I373N,0.9995,LPath
I373P,0.9999,LPath
I373Q,0.9999,LPath
I373R,0.9994,LPath
I373S,0.9998,LPath
I373T,0.9997,LPath
I373V,0.9916,LPath
I373W,0.9998,LPath
I373Y,0.9996,LPath
H374A,0.4109,Amb
H374C,0.2457,LBen
H374D,0.6888,LPath
H374E,0.7514,LPath
H374F,0.5293,Amb
H374G,0.508,Amb
H374I,0.7044,LPath
H374K,0.7605,LPath
H374L,0.2279,LBen
H374M,0.5704,LPath
H374N,0.1253,LBen
H374P,0.9425,LPath
H374Q,0.412,Amb
H374R,0.501,Amb
H374S,0.2278,LBen
H374T,0.4325,Amb
H374V,0.5572,Amb
H374W,0.7405,LPath
H374Y,0.2709,LBen
A375C,0.9634,LPath
A375D,0.9993,LPath
A375E,0.9982,LPath
A375F,0.9895,LPath
A375G,0.9715,LPath
A375H,0.9935,LPath
A375I,0.9953,LPath
A375K,0.9995,LPath
A375L,0.9608,LPath
A375M,0.9894,LPath
A375N,0.995,LPath
A375P,0.9996,LPath
A375Q,0.9898,LPath
A375R,0.987,LPath
A375S,0.8274,LPath
A375T,0.9269,LPath
A375V,0.9857,LPath
A375W,0.9986,LPath
A375Y,0.9948,LPath
Y376A,0.9995,LPath
Y376C,0.9985,LPath
Y376D,0.9996,LPath
Y376E,0.9999,LPath
Y376F,0.8429,LPath
Y376G,0.9979,LPath
Y376H,0.9998,LPath
Y376I,0.9992,LPath
Y376K,0.9999,LPath
Y376L,0.9685,LPath
Y376M,0.9986,LPath
Y376N,0.9991,LPath
Y376P,0.9998,LPath
Y376Q,0.9999,LPath
Y376R,0.9997,LPath
Y376S,0.9976,LPath
Y376T,0.9994,LPath
Y376V,0.997,LPath
Y376W,0.9757,LPath
R377A,0.9968,LPath
R377C,0.9738,LPath
R377D,0.9961,LPath
R377E,0.986,LPath
R377F,0.9994,LPath
R377G,0.9878,LPath
R377H,0.8737,LPath
R377I,0.9986,LPath
R377K,0.8778,LPath
R377L,0.9932,LPath
R377M,0.9989,LPath
R377N,0.9957,LPath
R377P,0.9999,LPath
R377Q,0.8108,LPath
R377S,0.9962,LPath
R377T,0.9971,LPath
R377V,0.9978,LPath
R377W,0.9873,LPath
R377Y,0.9957,LPath
K378A,0.9378,LPath
K378C,0.9459,LPath
K378D,0.995,LPath
K378E,0.9852,LPath
K378F,0.9936,LPath
K378G,0.974,LPath
K378H,0.7524,LPath
K378I,0.9732,LPath
K378L,0.9201,LPath
K378M,0.8549,LPath
K378N,0.9839,LPath
K378P,0.9985,LPath
K378Q,0.763,LPath
K378R,0.2823,LBen
K378S,0.9757,LPath
K378T,0.8335,LPath
K378V,0.9282,LPath
K378W,0.9941,LPath
K378Y,0.9808,LPath
L379A,0.9971,LPath
L379C,0.9996,LPath
L379D,0.9999,LPath
L379E,0.9996,LPath
L379F,0.9967,LPath
L379G,0.9994,LPath
L379H,0.9995,LPath
L379I,0.9829,LPath
L379K,0.999,LPath
L379M,0.7961,LPath
L379N,0.9998,LPath
L379P,0.9999,LPath
L379Q,0.9991,LPath
L379R,0.9983,LPath
L379S,0.9998,LPath
L379T,0.9996,LPath
L379V,0.992,LPath
L379W,0.9994,LPath
L379Y,0.9988,LPath
L380A,0.9968,LPath
L380C,0.9996,LPath
L380D,1.0,LPath
L380E,0.9996,LPath
L380F,0.9997,LPath
L380G,0.9994,LPath
L380H,0.9999,LPath
L380I,0.9308,LPath
L380K,0.9994,LPath
L380M,0.9827,LPath
L380N,0.9999,LPath
L380P,0.9998,LPath
L380Q,0.9998,LPath
L380R,0.9982,LPath
L380S,0.9999,LPath
L380T,0.9982,LPath
L380V,0.9805,LPath
L380W,0.9997,LPath
L380Y,0.9999,LPath
E381A,0.9474,LPath
E381C,0.9948,LPath
E381D,0.9822,LPath
E381F,0.9994,LPath
E381G,0.9542,LPath
E381H,0.995,LPath
E381I,0.9973,LPath
E381K,0.9906,LPath
E381L,0.9939,LPath
E381M,0.9952,LPath
E381N,0.9981,LPath
E381P,0.9997,LPath
E381Q,0.8841,LPath
E381R,0.9803,LPath
E381S,0.9807,LPath
E381T,0.9898,LPath
E381V,0.9851,LPath
E381W,0.9994,LPath
E381Y,0.9988,LPath
G382A,0.8636,LPath
G382C,0.9785,LPath
G382D,0.9892,LPath
G382E,0.9907,LPath
G382F,0.9973,LPath
G382H,0.9978,LPath
G382I,0.9784,LPath
G382K,0.998,LPath
G382L,0.993,LPath
G382M,0.9891,LPath
G382N,0.9881,LPath
G382P,0.9999,LPath
G382Q,0.9929,LPath
G382R,0.9967,LPath
G382S,0.8487,LPath
G382T,0.8706,LPath
G382V,0.9184,LPath
G382W,0.996,LPath
G382Y,0.996,LPath
E383A,0.9955,LPath
E383C,0.9994,LPath
E383D,0.9992,LPath
E383F,1.0,LPath
E383G,0.9962,LPath
E383H,0.9997,LPath
E383I,0.9997,LPath
E383K,0.9984,LPath
E383L,0.9998,LPath
E383M,0.9997,LPath
E383N,0.9997,LPath
E383P,0.9997,LPath
E383Q,0.9927,LPath
E383R,0.997,LPath
E383S,0.999,LPath
E383T,0.9982,LPath
E383V,0.9985,LPath
E383W,0.9999,LPath
E383Y,0.9999,LPath
E384A,0.992,LPath
E384C,0.9997,LPath
E384D,0.9986,LPath
E384F,0.9999,LPath
E384G,0.9858,LPath
E384H,0.9998,LPath
E384I,0.9996,LPath
E384K,0.9979,LPath
E384L,0.9996,LPath
E384M,0.9995,LPath
E384N,0.9997,LPath
E384P,0.9999,LPath
E384Q,0.9907,LPath
E384R,0.9964,LPath
E384S,0.9986,LPath
E384T,0.9981,LPath
E384V,0.9982,LPath
E384W,0.9999,LPath
E384Y,0.9998,LPath
E385A,0.5699,LPath
E385C,0.9821,LPath
E385D,0.6149,LPath
E385F,0.9856,LPath
E385G,0.6159,LPath
E385H,0.9227,LPath
E385I,0.9423,LPath
E385K,0.7996,LPath
E385L,0.9314,LPath
E385M,0.9239,LPath
E385N,0.8446,LPath
E385P,0.9972,LPath
E385Q,0.3665,Amb
E385R,0.8312,LPath
E385S,0.7127,LPath
E385T,0.7551,LPath
E385V,0.7894,LPath
E385W,0.9952,LPath
E385Y,0.9665,LPath
R386A,0.9985,LPath
R386C,0.9991,LPath
R386D,0.9966,LPath
R386E,0.9902,LPath
R386F,0.9993,LPath
R386G,0.9963,LPath
R386H,0.9921,LPath
R386I,0.9989,LPath
R386K,0.9917,LPath
R386L,0.9929,LPath
R386M,0.9997,LPath
R386N,0.9978,LPath
R386P,0.9986,LPath
R386Q,0.9945,LPath
R386S,0.9992,LPath
R386T,0.9991,LPath
R386V,0.9984,LPath
R386W,0.9971,LPath
R386Y,0.9967,LPath
L387A,0.9957,LPath
L387C,0.9983,LPath
L387D,0.9998,LPath
L387E,0.9989,LPath
L387F,0.9932,LPath
L387G,0.9958,LPath
L387H,0.9991,LPath
L387I,0.9687,LPath
L387K,0.9979,LPath
L387M,0.9556,LPath
L387N,0.9987,LPath
L387P,0.9995,LPath
L387Q,0.9985,LPath
L387R,0.9942,LPath
L387S,0.9994,LPath
L387T,0.9981,LPath
L387V,0.9851,LPath
L387W,0.9972,LPath
L387Y,0.9956,LPath
R388A,0.7352,LPath
R388C,0.3197,LBen
R388D,0.856,LPath
R388E,0.7447,LPath
R388F,0.8971,LPath
R388G,0.3814,Amb
R388H,0.1405,LBen
R388I,0.8931,LPath
R388K,0.2269,LBen
R388L,0.6116,LPath
R388M,0.7886,LPath
R388N,0.6957,LPath
R388P,0.953,LPath
R388Q,0.1664,LBen
R388S,0.7138,LPath
R388T,0.7975,LPath
R388V,0.864,LPath
R388W,0.6254,LPath
R388Y,0.7349,LPath
L389A,0.9872,LPath
L389C,0.9962,LPath
L389D,0.9994,LPath
L389E,0.9974,LPath
L389F,0.9638,LPath
L389G,0.9946,LPath
L389H,0.9962,LPath
L389I,0.5078,Amb
L389K,0.9933,LPath
L389M,0.7673,LPath
L389N,0.9963,LPath
L389P,0.9968,LPath
L389Q,0.9937,LPath
L389R,0.9844,LPath
L389S,0.9981,LPath
L389T,0.9948,LPath
L389V,0.8885,LPath
L389W,0.9916,LPath
L389Y,0.9889,LPath
S390A,0.6663,LPath
S390C,0.8748,LPath
S390D,0.9891,LPath
S390E,0.9891,LPath
S390F,0.9598,LPath
S390G,0.8577,LPath
S390H,0.9404,LPath
S390I,0.9644,LPath
S390K,0.9968,LPath
S390L,0.8546,LPath
S390M,0.9016,LPath
S390N,0.9544,LPath
S390P,0.9151,LPath
S390Q,0.9676,LPath
S390R,0.9963,LPath
S390T,0.2954,LBen
S390V,0.9519,LPath
S390W,0.9613,LPath
S390Y,0.9469,LPath
P391A,0.7034,LPath
P391C,0.9813,LPath
P391D,0.9915,LPath
P391E,0.9842,LPath
P391F,0.9912,LPath
P391G,0.9345,LPath
P391H,0.9273,LPath
P391I,0.9769,LPath
P391K,0.9878,LPath
P391L,0.9052,LPath
P391M,0.979,LPath
P391N,0.9766,LPath
P391Q,0.9279,LPath
P391R,0.9382,LPath
P391S,0.865,LPath
P391T,0.855,LPath
P391V,0.9148,LPath
P391W,0.9953,LPath
P391Y,0.9892,LPath
S392A,0.2872,LBen
S392C,0.6049,LPath
S392D,0.9767,LPath
S392E,0.97,LPath
S392F,0.8293,LPath
S392G,0.3857,Amb
S392H,0.897,LPath
S392I,0.765,LPath
S392K,0.9913,LPath
S392L,0.5148,Amb
S392M,0.6639,LPath
S392N,0.849,LPath
S392P,0.6877,LPath
S392Q,0.9242,LPath
S392R,0.987,LPath
S392T,0.2216,LBen
S392V,0.6709,LPath
S392W,0.9001,LPath
S392Y,0.8528,LPath
P393A,0.3737,Amb
P393C,0.9308,LPath
P393D,0.9545,LPath
P393E,0.9128,LPath
P393F,0.9483,LPath
P393G,0.7372,LPath
P393H,0.7289,LPath
P393I,0.8901,LPath
P393K,0.9362,LPath
P393L,0.7161,LPath
P393M,0.8752,LPath
P393N,0.8608,LPath
P393Q,0.6827,LPath
P393R,0.8049,LPath
P393S,0.5301,Amb
P393T,0.5263,Amb
P393V,0.7053,LPath
P393W,0.9762,LPath
P393Y,0.9452,LPath
T394A,0.0689,LBen
T394C,0.3453,Amb
T394D,0.6472,LPath
T394E,0.6798,LPath
T394F,0.3488,Amb
T394G,0.1176,LBen
T394H,0.3037,LBen
T394I,0.3043,LBen
T394K,0.6113,LPath
T394L,0.1531,LBen
T394M,0.1642,LBen
T394N,0.1484,LBen
T394P,0.0649,LBen
T394Q,0.3389,LBen
T394R,0.496,Amb
T394S,0.0699,LBen
T394V,0.1801,LBen
T394W,0.7008,LPath
T394Y,0.4594,Amb
S395A,0.0803,LBen
S395C,0.141,LBen
S395D,0.7742,LPath
S395E,0.8157,LPath
S395F,0.3101,LBen
S395G,0.1026,LBen
S395H,0.5227,Amb
S395I,0.2901,LBen
S395K,0.9101,LPath
S395L,0.1552,LBen
S395M,0.2555,LBen
S395N,0.2508,LBen
S395P,0.1298,LBen
S395Q,0.6041,LPath
S395R,0.8721,LPath
S395T,0.086,LBen
S395V,0.1904,LBen
S395W,0.4699,Amb
S395Y,0.3731,Amb
Q396A,0.1342,LBen
Q396C,0.5233,Amb
Q396D,0.4716,Amb
Q396E,0.1806,LBen
Q396F,0.5519,Amb
Q396G,0.1693,LBen
Q396H,0.1382,LBen
Q396I,0.3311,LBen
Q396K,0.2299,LBen
Q396L,0.1227,LBen
Q396M,0.3188,LBen
Q396N,0.2125,LBen
Q396P,0.0721,LBen
Q396R,0.1881,LBen
Q396S,0.1213,LBen
Q396T,0.1381,LBen
Q396V,0.1889,LBen
Q396W,0.5983,LPath
Q396Y,0.4218,Amb
R397A,0.4114,Amb
R397C,0.3187,LBen
R397D,0.7289,LPath
R397E,0.5993,LPath
R397F,0.6362,LPath
R397G,0.2189,LBen
R397H,0.1597,LBen
R397I,0.4086,Amb
R397K,0.1003,LBen
R397L,0.3228,LBen
R397M,0.4722,Amb
R397N,0.6194,LPath
R397P,0.3029,LBen
R397Q,0.1521,LBen
R397S,0.4987,Amb
R397T,0.3343,LBen
R397V,0.3914,Amb
R397W,0.359,Amb
R397Y,0.5066,Amb
S398A,0.0956,LBen
S398C,0.1054,LBen
S398D,0.6168,LPath
S398E,0.7044,LPath
S398F,0.2735,LBen
S398G,0.0655,LBen
S398H,0.3176,LBen
S398I,0.1829,LBen
S398K,0.7481,LPath
S398L,0.1591,LBen
S398M,0.2259,LBen
S398N,0.1253,LBen
S398P,0.1278,LBen
S398Q,0.4209,Amb
S398R,0.6829,LPath
S398T,0.0765,LBen
S398V,0.1556,LBen
S398W,0.3969,Amb
S398Y,0.2841,LBen
R399A,0.239,LBen
R399C,0.1938,LBen
R399D,0.617,LPath
R399E,0.4636,Amb
R399F,0.4558,Amb
R399G,0.1187,LBen
R399H,0.1177,LBen
R399I,0.3237,LBen
R399K,0.1161,LBen
R399L,0.2269,LBen
R399M,0.3567,Amb
R399N,0.4813,Amb
R399P,0.2114,LBen
R399Q,0.1083,LBen
R399S,0.2991,LBen
R399T,0.1995,LBen
R399V,0.2906,LBen
R399W,0.2044,LBen
R399Y,0.3688,Amb
G400A,0.0996,LBen
G400C,0.1508,LBen
G400D,0.5242,Amb
G400E,0.5151,Amb
G400F,0.4322,Amb
G400H,0.4074,Amb
G400I,0.2014,LBen
G400K,0.7657,LPath
G400L,0.2508,LBen
G400M,0.3312,LBen
G400N,0.2348,LBen
G400P,0.3382,LBen
G400Q,0.4208,Amb
G400R,0.6355,LPath
G400S,0.0771,LBen
G400T,0.094,LBen
G400V,0.1131,LBen
G400W,0.4201,Amb
G400Y,0.3942,Amb
R401A,0.327,LBen
R401C,0.2564,LBen
R401D,0.6604,LPath
R401E,0.5057,Amb
R401F,0.4447,Amb
R401G,0.1715,LBen
R401H,0.1251,LBen
R401I,0.357,Amb
R401K,0.1311,LBen
R401L,0.2558,LBen
R401M,0.3931,Amb
R401N,0.5432,Amb
R401P,0.2529,LBen
R401Q,0.1276,LBen
R401S,0.3991,Amb
R401T,0.2705,LBen
R401V,0.3434,Amb
R401W,0.2265,LBen
R401Y,0.398,Amb
A402C,0.2328,LBen
A402D,0.4112,Amb
A402E,0.4372,Amb
A402F,0.198,LBen
A402G,0.0729,LBen
A402H,0.298,LBen
A402I,0.1374,LBen
A402K,0.5966,LPath
A402L,0.1029,LBen
A402M,0.1447,LBen
A402N,0.1461,LBen
A402P,0.0943,LBen
A402Q,0.278,LBen
A402R,0.5119,Amb
A402S,0.0678,LBen
A402T,0.0638,LBen
A402V,0.0816,LBen
A402W,0.4925,Amb
A402Y,0.2882,LBen
S403A,0.0683,LBen
S403C,0.0981,LBen
S403D,0.4713,Amb
S403E,0.6052,LPath
S403F,0.1437,LBen
S403G,0.0646,LBen
S403H,0.2325,LBen
S403I,0.1367,LBen
S403K,0.6749,LPath
S403L,0.1037,LBen
S403M,0.1788,LBen
S403N,0.1182,LBen
S403P,0.0946,LBen
S403Q,0.3551,Amb
S403R,0.581,LPath
S403T,0.0668,LBen
S403V,0.1096,LBen
S403W,0.2955,LBen
S403Y,0.1883,LBen
S404A,0.0733,LBen
S404C,0.0924,LBen
S404D,0.5504,Amb
S404E,0.6493,LPath
S404F,0.1318,LBen
S404G,0.0715,LBen
S404H,0.2729,LBen
S404I,0.1365,LBen
S404K,0.7494,LPath
S404L,0.0928,LBen
S404M,0.1641,LBen
S404N,0.1418,LBen
S404P,0.1042,LBen
S404Q,0.4029,Amb
S404R,0.6578,LPath
S404T,0.0685,LBen
S404V,0.1122,LBen
S404W,0.2789,LBen
S404Y,0.1897,LBen
H405A,0.1046,LBen
H405C,0.1336,LBen
H405D,0.2129,LBen
H405E,0.2609,LBen
H405F,0.1611,LBen
H405G,0.1148,LBen
H405I,0.1596,LBen
H405K,0.2769,LBen
H405L,0.0865,LBen
H405M,0.2605,LBen
H405N,0.071,LBen
H405P,0.0679,LBen
H405Q,0.103,LBen
H405R,0.1138,LBen
H405S,0.0828,LBen
H405T,0.1019,LBen
H405V,0.1155,LBen
H405W,0.2846,LBen
H405Y,0.0923,LBen
S406A,0.0721,LBen
S406C,0.0798,LBen
S406D,0.4621,Amb
S406E,0.5843,LPath
S406F,0.1143,LBen
S406G,0.0659,LBen
S406H,0.2036,LBen
S406I,0.1211,LBen
S406K,0.6535,LPath
S406L,0.0923,LBen
S406M,0.169,LBen
S406N,0.1266,LBen
S406P,0.0963,LBen
S406Q,0.3371,LBen
S406R,0.5225,Amb
S406T,0.0691,LBen
S406V,0.1038,LBen
S406W,0.2395,LBen
S406Y,0.1493,LBen
S407A,0.0751,LBen
S407C,0.0905,LBen
S407D,0.4521,Amb
S407E,0.5374,Amb
S407F,0.1182,LBen
S407G,0.0711,LBen
S407H,0.2189,LBen
S407I,0.1204,LBen
S407K,0.6238,LPath
S407L,0.0859,LBen
S407M,0.1529,LBen
S407N,0.123,LBen
S407P,0.0927,LBen
S407Q,0.3185,LBen
S407R,0.5159,Amb
S407T,0.0689,LBen
S407V,0.1011,LBen
S407W,0.2442,LBen
S407Y,0.1626,LBen
Q408A,0.0873,LBen
Q408C,0.2579,LBen
Q408D,0.1966,LBen
Q408E,0.1171,LBen
Q408F,0.2591,LBen
Q408G,0.1054,LBen
Q408H,0.0767,LBen
Q408I,0.1715,LBen
Q408K,0.1408,LBen
Q408L,0.0855,LBen
Q408M,0.1964,LBen
Q408N,0.1113,LBen
Q408P,0.0664,LBen
Q408R,0.1073,LBen
Q408S,0.0813,LBen
Q408T,0.0878,LBen
Q408V,0.1135,LBen
Q408W,0.2964,LBen
Q408Y,0.1821,LBen
T409A,0.0642,LBen
T409C,0.1491,LBen
T409D,0.294,LBen
T409E,0.2906,LBen
T409F,0.1017,LBen
T409G,0.0769,LBen
T409H,0.1084,LBen
T409I,0.0896,LBen
T409K,0.2493,LBen
T409L,0.0609,LBen
T409M,0.0782,LBen
T409N,0.0697,LBen
T409P,0.0625,LBen
T409Q,0.1238,LBen
T409R,0.2062,LBen
T409S,0.0595,LBen
T409V,0.0764,LBen
T409W,0.2448,LBen
T409Y,0.1248,LBen
Q410A,0.0807,LBen
Q410C,0.262,LBen
Q410D,0.198,LBen
Q410E,0.1166,LBen
Q410F,0.2527,LBen
Q410G,0.1015,LBen
Q410H,0.0818,LBen
Q410I,0.1633,LBen
Q410K,0.1363,LBen
Q410L,0.0802,LBen
Q410M,0.1933,LBen
Q410N,0.1111,LBen
Q410P,0.0617,LBen
Q410R,0.1079,LBen
Q410S,0.0778,LBen
Q410T,0.0842,LBen
Q410V,0.113,LBen
Q410W,0.2932,LBen
Q410Y,0.1858,LBen
G411A,0.0667,LBen
G411C,0.0912,LBen
G411D,0.236,LBen
G411E,0.2454,LBen
G411F,0.2092,LBen
G411H,0.1995,LBen
G411I,0.1114,LBen
G411K,0.4271,Amb
G411L,0.1305,LBen
G411M,0.1615,LBen
G411N,0.1177,LBen
G411P,0.1853,LBen
G411Q,0.2203,LBen
G411R,0.3302,LBen
G411S,0.0654,LBen
G411T,0.0639,LBen
G411V,0.0756,LBen
G411W,0.2188,LBen
G411Y,0.1846,LBen
G412A,0.0669,LBen
G412C,0.0803,LBen
G412D,0.226,LBen
G412E,0.2392,LBen
G412F,0.1741,LBen
G412H,0.1781,LBen
G412I,0.0977,LBen
G412K,0.3548,Amb
G412L,0.1171,LBen
G412M,0.1378,LBen
G412N,0.1151,LBen
G412P,0.1684,LBen
G412Q,0.1914,LBen
G412R,0.2665,LBen
G412S,0.0643,LBen
G412T,0.0621,LBen
G412V,0.074,LBen
G412W,0.19,LBen
G412Y,0.1692,LBen
G413A,0.0777,LBen
G413C,0.0931,LBen
G413D,0.2469,LBen
G413E,0.2573,LBen
G413F,0.2166,LBen
G413H,0.2137,LBen
G413I,0.106,LBen
G413K,0.4257,Amb
G413L,0.1425,LBen
G413M,0.1839,LBen
G413N,0.1297,LBen
G413P,0.2231,LBen
G413Q,0.2208,LBen
G413R,0.3124,LBen
G413S,0.0663,LBen
G413T,0.0713,LBen
G413V,0.0742,LBen
G413W,0.2272,LBen
G413Y,0.2043,LBen
S414A,0.0686,LBen
S414C,0.0801,LBen
S414D,0.5388,Amb
S414E,0.65,LPath
S414F,0.144,LBen
S414G,0.0581,LBen
S414H,0.2762,LBen
S414I,0.1195,LBen
S414K,0.7144,LPath
S414L,0.0911,LBen
S414M,0.141,LBen
S414N,0.1044,LBen
S414P,0.1025,LBen
S414Q,0.3965,Amb
S414R,0.6579,LPath
S414T,0.0649,LBen
S414V,0.1046,LBen
S414W,0.3088,LBen
S414Y,0.2002,LBen
V415A,0.0715,LBen
V415C,0.3334,LBen
V415D,0.347,Amb
V415E,0.3724,Amb
V415F,0.0876,LBen
V415G,0.0724,LBen
V415H,0.2667,LBen
V415I,0.0672,LBen
V415K,0.4337,Amb
V415L,0.0859,LBen
V415M,0.0831,LBen
V415N,0.1029,LBen
V415P,0.1217,LBen
V415Q,0.2026,LBen
V415R,0.3872,Amb
V415S,0.069,LBen
V415T,0.0786,LBen
V415W,0.5013,Amb
V415Y,0.2953,LBen
T416A,0.0653,LBen
T416C,0.2401,LBen
T416D,0.6281,LPath
T416E,0.6289,LPath
T416F,0.241,LBen
T416G,0.094,LBen
T416H,0.2577,LBen
T416I,0.2003,LBen
T416K,0.4947,Amb
T416L,0.105,LBen
T416M,0.1089,LBen
T416N,0.1201,LBen
T416P,0.0727,LBen
T416Q,0.2664,LBen
T416R,0.4177,Amb
T416S,0.0744,LBen
T416V,0.1333,LBen
T416W,0.5209,Amb
T416Y,0.3201,LBen
K417A,0.9375,LPath
K417C,0.9629,LPath
K417D,0.9888,LPath
K417E,0.955,LPath
K417F,0.9908,LPath
K417G,0.8776,LPath
K417H,0.8606,LPath
K417I,0.9701,LPath
K417L,0.9286,LPath
K417M,0.9437,LPath
K417N,0.9829,LPath
K417P,0.8919,LPath
K417Q,0.6837,LPath
K417R,0.1023,LBen
K417S,0.9602,LPath
K417T,0.932,LPath
K417V,0.9324,LPath
K417W,0.9704,LPath
K417Y,0.9702,LPath
K418A,0.9515,LPath
K418C,0.9686,LPath
K418D,0.9845,LPath
K418E,0.9567,LPath
K418F,0.987,LPath
K418G,0.9071,LPath
K418H,0.8094,LPath
K418I,0.9456,LPath
K418L,0.9154,LPath
K418M,0.9174,LPath
K418N,0.9688,LPath
K418P,0.918,LPath
K418Q,0.6629,LPath
K418R,0.1031,LBen
K418S,0.9696,LPath
K418T,0.9192,LPath
K418V,0.9221,LPath
K418W,0.9711,LPath
K418Y,0.9535,LPath
R419A,0.9645,LPath
R419C,0.821,LPath
R419D,0.9849,LPath
R419E,0.9357,LPath
R419F,0.9711,LPath
R419G,0.8656,LPath
R419H,0.589,LPath
R419I,0.929,LPath
R419K,0.3176,LBen
R419L,0.8558,LPath
R419M,0.9455,LPath
R419N,0.98,LPath
R419P,0.9283,LPath
R419Q,0.5419,Amb
R419S,0.9846,LPath
R419T,0.9625,LPath
R419V,0.9343,LPath
R419W,0.7598,LPath
R419Y,0.904,LPath
K420A,0.9104,LPath
K420C,0.9278,LPath
K420D,0.9659,LPath
K420E,0.928,LPath
K420F,0.959,LPath
K420G,0.8891,LPath
K420H,0.6366,LPath
K420I,0.8517,LPath
K420L,0.8034,LPath
K420M,0.8052,LPath
K420N,0.9377,LPath
K420P,0.8765,LPath
K420Q,0.5725,LPath
K420R,0.0979,LBen
K420S,0.9392,LPath
K420T,0.8341,LPath
K420V,0.8229,LPath
K420W,0.9362,LPath
K420Y,0.9,LPath
L421A,0.2361,LBen
L421C,0.5972,LPath
L421D,0.7699,LPath
L421E,0.4684,Amb
L421F,0.183,LBen
L421G,0.4143,Amb
L421H,0.2914,LBen
L421I,0.1113,LBen
L421K,0.3671,Amb
L421M,0.1064,LBen
L421N,0.4114,Amb
L421P,0.2073,LBen
L421Q,0.1665,LBen
L421R,0.2678,LBen
L421S,0.3625,Amb
L421T,0.2283,LBen
L421V,0.0989,LBen
L421W,0.2582,LBen
L421Y,0.4018,Amb
E422A,0.2309,LBen
E422C,0.8409,LPath
E422D,0.1124,LBen
E422F,0.809,LPath
E422G,0.2088,LBen
E422H,0.5848,LPath
E422I,0.5618,Amb
E422K,0.5427,Amb
E422L,0.5031,Amb
E422M,0.6806,LPath
E422N,0.3732,Amb
E422P,0.5477,Amb
E422Q,0.2337,LBen
E422R,0.5596,Amb
E422S,0.2746,LBen
E422T,0.3718,Amb
E422V,0.341,Amb
E422W,0.9352,LPath
E422Y,0.7219,LPath
S423A,0.0652,LBen
S423C,0.0866,LBen
S423D,0.2231,LBen
S423E,0.3417,Amb
S423F,0.1687,LBen
S423G,0.058,LBen
S423H,0.2112,LBen
S423I,0.1265,LBen
S423K,0.5192,Amb
S423L,0.1077,LBen
S423M,0.1335,LBen
S423N,0.069,LBen
S423P,0.1349,LBen
S423Q,0.3031,LBen
S423R,0.49,Amb
S423T,0.06,LBen
S423V,0.107,LBen
S423W,0.3061,LBen
S423Y,0.1641,LBen
T424A,0.0572,LBen
T424C,0.1833,LBen
T424D,0.2426,LBen
T424E,0.2327,LBen
T424F,0.1783,LBen
T424G,0.0732,LBen
T424H,0.1633,LBen
T424I,0.1324,LBen
T424K,0.2392,LBen
T424L,0.0835,LBen
T424M,0.0936,LBen
T424N,0.0831,LBen
T424P,0.0818,LBen
T424Q,0.1546,LBen
T424R,0.1958,LBen
T424S,0.0599,LBen
T424V,0.0962,LBen
T424W,0.3685,Amb
T424Y,0.2059,LBen
E425A,0.2193,LBen
E425C,0.8401,LPath
E425D,0.0807,LBen
E425F,0.811,LPath
E425G,0.1849,LBen
E425H,0.5368,Amb
E425I,0.5518,Amb
E425K,0.3955,Amb
E425L,0.5592,Amb
E425M,0.6685,LPath
E425N,0.2994,LBen
E425P,0.5279,Amb
E425Q,0.2141,LBen
E425R,0.4602,Amb
E425S,0.207,LBen
E425T,0.2985,LBen
E425V,0.3353,LBen
E425W,0.9297,LPath
E425Y,0.7158,LPath
S426A,0.1068,LBen
S426C,0.1139,LBen
S426D,0.481,Amb
S426E,0.5536,Amb
S426F,0.3819,Amb
S426G,0.0676,LBen
S426H,0.3697,Amb
S426I,0.2221,LBen
S426K,0.704,LPath
S426L,0.1925,LBen
S426M,0.2392,LBen
S426N,0.1306,LBen
S426P,0.2444,LBen
S426Q,0.4509,Amb
S426R,0.622,LPath
S426T,0.0824,LBen
S426V,0.1944,LBen
S426W,0.499,Amb
S426Y,0.325,LBen
R427A,0.3771,Amb
R427C,0.1933,LBen
R427D,0.6019,LPath
R427E,0.4089,Amb
R427F,0.5514,Amb
R427G,0.2202,LBen
R427H,0.1071,LBen
R427I,0.365,Amb
R427K,0.1236,LBen
R427L,0.2842,LBen
R427M,0.4368,Amb
R427N,0.5551,Amb
R427P,0.4302,Amb
R427Q,0.1085,LBen
R427S,0.4068,Amb
R427T,0.2699,LBen
R427V,0.3662,Amb
R427W,0.2723,LBen
R427Y,0.4366,Amb
S428A,0.1017,LBen
S428C,0.1489,LBen
S428D,0.7209,LPath
S428E,0.7869,LPath
S428F,0.3666,Amb
S428G,0.1208,LBen
S428H,0.5354,Amb
S428I,0.3339,LBen
S428K,0.9042,LPath
S428L,0.1724,LBen
S428M,0.2929,LBen
S428N,0.2511,LBen
S428P,0.2287,LBen
S428Q,0.6653,LPath
S428R,0.8606,LPath
S428T,0.0811,LBen
S428V,0.2338,LBen
S428W,0.5148,Amb
S428Y,0.3575,Amb
S429A,0.1157,LBen
S429C,0.1423,LBen
S429D,0.7699,LPath
S429E,0.852,LPath
S429F,0.3813,Amb
S429G,0.1171,LBen
S429H,0.4989,Amb
S429I,0.3123,LBen
S429K,0.9292,LPath
S429L,0.199,LBen
S429M,0.3306,LBen
S429N,0.2315,LBen
S429P,0.6656,LPath
S429Q,0.6775,LPath
S429R,0.8673,LPath
S429T,0.0906,LBen
S429V,0.2299,LBen
S429W,0.5965,LPath
S429Y,0.4176,Amb
F430A,0.8919,LPath
F430C,0.6102,LPath
F430D,0.9717,LPath
F430E,0.9746,LPath
F430G,0.9527,LPath
F430H,0.8371,LPath
F430I,0.3903,Amb
F430K,0.9792,LPath
F430L,0.9488,LPath
F430M,0.7869,LPath
F430N,0.913,LPath
F430P,0.9908,LPath
F430Q,0.9479,LPath
F430R,0.9482,LPath
F430S,0.8156,LPath
F430T,0.8516,LPath
F430V,0.3757,Amb
F430W,0.5817,LPath
F430Y,0.1781,LBen
S431A,0.1675,LBen
S431C,0.2006,LBen
S431D,0.943,LPath
S431E,0.9361,LPath
S431F,0.5477,Amb
S431G,0.3239,LBen
S431H,0.6895,LPath
S431I,0.468,Amb
S431K,0.9762,LPath
S431L,0.2744,LBen
S431M,0.4362,Amb
S431N,0.5664,LPath
S431P,0.9334,LPath
S431Q,0.7745,LPath
S431R,0.9478,LPath
S431T,0.1325,LBen
S431V,0.3912,Amb
S431W,0.7023,LPath
S431Y,0.5833,LPath
Q432A,0.3324,LBen
Q432C,0.7466,LPath
Q432D,0.8064,LPath
Q432E,0.2021,LBen
Q432F,0.794,LPath
Q432G,0.5414,Amb
Q432H,0.2485,LBen
Q432I,0.6133,LPath
Q432K,0.4189,Amb
Q432L,0.2839,LBen
Q432M,0.4792,Amb
Q432N,0.444,Amb
Q432P,0.552,Amb
Q432R,0.3675,Amb
Q432S,0.2995,LBen
Q432T,0.3134,LBen
Q432V,0.3645,Amb
Q432W,0.845,LPath
Q432Y,0.7109,LPath
H433A,0.89,LPath
H433C,0.7354,LPath
H433D,0.938,LPath
H433E,0.9294,LPath
H433F,0.6814,LPath
H433G,0.9265,LPath
H433I,0.8663,LPath
H433K,0.9106,LPath
H433L,0.5685,LPath
H433M,0.8522,LPath
H433N,0.6523,LPath
H433P,0.9092,LPath
H433Q,0.771,LPath
H433R,0.7617,LPath
H433S,0.8543,LPath
H433T,0.8717,LPath
H433V,0.8001,LPath
H433W,0.7668,LPath
H433Y,0.472,Amb
A434C,0.6176,LPath
A434D,0.9763,LPath
A434E,0.9242,LPath
A434F,0.7305,LPath
A434G,0.5001,Amb
A434H,0.8402,LPath
A434I,0.718,LPath
A434K,0.9716,LPath
A434L,0.5839,LPath
A434M,0.6222,LPath
A434N,0.8127,LPath
A434P,0.9669,LPath
A434Q,0.7272,LPath
A434R,0.8981,LPath
A434S,0.1654,LBen
A434T,0.3465,Amb
A434V,0.4444,Amb
A434W,0.9453,LPath
A434Y,0.8735,LPath
R435A,0.926,LPath
R435C,0.7529,LPath
R435D,0.9762,LPath
R435E,0.9225,LPath
R435F,0.9568,LPath
R435G,0.8799,LPath
R435H,0.4519,Amb
R435I,0.9231,LPath
R435K,0.4677,Amb
R435L,0.8557,LPath
R435M,0.9314,LPath
R435N,0.9628,LPath
R435P,0.9882,LPath
R435Q,0.5173,Amb
R435S,0.9309,LPath
R435T,0.8942,LPath
R435V,0.891,LPath
R435W,0.8039,LPath
R435Y,0.9054,LPath
T436A,0.3455,Amb
T436C,0.6589,LPath
T436D,0.9614,LPath
T436E,0.9418,LPath
T436F,0.8799,LPath
T436G,0.6688,LPath
T436H,0.8393,LPath
T436I,0.9189,LPath
T436K,0.9296,LPath
T436L,0.7358,LPath
T436M,0.5574,Amb
T436N,0.6596,LPath
T436P,0.8504,LPath
T436Q,0.8278,LPath
T436R,0.8888,LPath
T436S,0.4167,Amb
T436V,0.7055,LPath
T436W,0.9727,LPath
T436Y,0.9014,LPath
S437A,0.1603,LBen
S437C,0.2627,LBen
S437D,0.9044,LPath
S437E,0.9001,LPath
S437F,0.7333,LPath
S437G,0.2199,LBen
S437H,0.6788,LPath
S437I,0.5144,Amb
S437K,0.9028,LPath
S437L,0.3412,Amb
S437M,0.4217,Amb
S437N,0.4683,Amb
S437P,0.9179,LPath
S437Q,0.7294,LPath
S437R,0.826,LPath
S437T,0.1232,LBen
S437V,0.406,Amb
S437W,0.7799,LPath
S437Y,0.7129,LPath
G438A,0.9179,LPath
G438C,0.9635,LPath
G438D,0.9945,LPath
G438E,0.9961,LPath
G438F,0.9956,LPath
G438H,0.995,LPath
G438I,0.9963,LPath
G438K,0.9981,LPath
G438L,0.993,LPath
G438M,0.9963,LPath
G438N,0.9862,LPath
G438P,0.9981,LPath
G438Q,0.9919,LPath
G438R,0.9937,LPath
G438S,0.8129,LPath
G438T,0.9717,LPath
G438V,0.9906,LPath
G438W,0.994,LPath
G438Y,0.9959,LPath
R439A,0.7454,LPath
R439C,0.5224,Amb
R439D,0.9187,LPath
R439E,0.8276,LPath
R439F,0.9204,LPath
R439G,0.6654,LPath
R439H,0.3455,Amb
R439I,0.7954,LPath
R439K,0.2255,LBen
R439L,0.6606,LPath
R439M,0.7837,LPath
R439N,0.8588,LPath
R439P,0.7056,LPath
R439Q,0.2913,LBen
R439S,0.8298,LPath
R439T,0.7414,LPath
R439V,0.775,LPath
R439W,0.6968,LPath
R439Y,0.8617,LPath
V440A,0.9728,LPath
V440C,0.9888,LPath
V440D,0.9996,LPath
V440E,0.9986,LPath
V440F,0.9797,LPath
V440G,0.983,LPath
V440H,0.9997,LPath
V440I,0.1279,LBen
V440K,0.9992,LPath
V440L,0.8942,LPath
V440M,0.9385,LPath
V440N,0.9986,LPath
V440P,0.9967,LPath
V440Q,0.9987,LPath
V440R,0.9984,LPath
V440S,0.9948,LPath
V440T,0.97,LPath
V440W,0.9996,LPath
V440Y,0.9986,LPath
A441C,0.6447,LPath
A441D,0.9485,LPath
A441E,0.9093,LPath
A441F,0.8235,LPath
A441G,0.1582,LBen
A441H,0.9191,LPath
A441I,0.7333,LPath
A441K,0.981,LPath
A441L,0.5765,LPath
A441M,0.5853,LPath
A441N,0.7699,LPath
A441P,0.9908,LPath
A441Q,0.7769,LPath
A441R,0.9508,LPath
A441S,0.1704,LBen
A441T,0.2746,LBen
A441V,0.455,Amb
A441W,0.9749,LPath
A441Y,0.9397,LPath
V442A,0.9764,LPath
V442C,0.9918,LPath
V442D,0.9995,LPath
V442E,0.998,LPath
V442F,0.9717,LPath
V442G,0.9868,LPath
V442H,0.9998,LPath
V442I,0.171,LBen
V442K,0.999,LPath
V442L,0.9185,LPath
V442M,0.9299,LPath
V442N,0.9989,LPath
V442P,0.9954,LPath
V442Q,0.9987,LPath
V442R,0.9981,LPath
V442S,0.9946,LPath
V442T,0.9781,LPath
V442W,0.9995,LPath
V442Y,0.9988,LPath
E443A,0.71,LPath
E443C,0.9777,LPath
E443D,0.4797,Amb
E443F,0.9878,LPath
E443G,0.8504,LPath
E443H,0.9721,LPath
E443I,0.9086,LPath
E443K,0.9558,LPath
E443L,0.8934,LPath
E443M,0.9266,LPath
E443N,0.9385,LPath
E443P,0.9957,LPath
E443Q,0.7475,LPath
E443R,0.9571,LPath
E443S,0.8367,LPath
E443T,0.8739,LPath
E443V,0.7448,LPath
E443W,0.9948,LPath
E443Y,0.9833,LPath
E444A,0.5097,Amb
E444C,0.9771,LPath
E444D,0.3691,Amb
E444F,0.9833,LPath
E444G,0.7407,LPath
E444H,0.95,LPath
E444I,0.898,LPath
E444K,0.9031,LPath
E444L,0.9133,LPath
E444M,0.8965,LPath
E444N,0.8393,LPath
E444P,0.9955,LPath
E444Q,0.5937,LPath
E444R,0.9235,LPath
E444S,0.7202,LPath
E444T,0.7714,LPath
E444V,0.7112,LPath
E444W,0.9957,LPath
E444Y,0.9757,LPath
V445A,0.7848,LPath
V445C,0.9487,LPath
V445D,0.974,LPath
V445E,0.9551,LPath
V445F,0.9143,LPath
V445G,0.8865,LPath
V445H,0.994,LPath
V445I,0.1269,LBen
V445K,0.9912,LPath
V445L,0.8785,LPath
V445M,0.7726,LPath
V445N,0.9595,LPath
V445P,0.9891,LPath
V445Q,0.9741,LPath
V445R,0.9859,LPath
V445S,0.9055,LPath
V445T,0.6717,LPath
V445W,0.9961,LPath
V445Y,0.9886,LPath
D446A,0.8839,LPath
D446C,0.7793,LPath
D446E,0.917,LPath
D446F,0.9975,LPath
D446G,0.8729,LPath
D446H,0.9569,LPath
D446I,0.9962,LPath
D446K,0.9962,LPath
D446L,0.989,LPath
D446M,0.9953,LPath
D446N,0.6265,LPath
D446P,0.9912,LPath
D446Q,0.9844,LPath
D446R,0.9947,LPath
D446S,0.6926,LPath
D446T,0.9592,LPath
D446V,0.9817,LPath
D446W,0.9987,LPath
D446Y,0.9841,LPath
E447A,0.1159,LBen
E447C,0.7233,LPath
E447D,0.1479,LBen
E447F,0.7366,LPath
E447G,0.1501,LBen
E447H,0.4981,Amb
E447I,0.2924,LBen
E447K,0.232,LBen
E447L,0.2062,LBen
E447M,0.3113,LBen
E447N,0.2926,LBen
E447P,0.3025,LBen
E447Q,0.1419,LBen
E447R,0.3211,LBen
E447S,0.1805,LBen
E447T,0.1718,LBen
E447V,0.1574,LBen
E447W,0.901,LPath
E447Y,0.6622,LPath
E448A,0.1233,LBen
E448C,0.6967,LPath
E448D,0.0612,LBen
E448F,0.652,LPath
E448G,0.173,LBen
E448H,0.4211,Amb
E448I,0.4774,Amb
E448K,0.3148,LBen
E448L,0.3545,Amb
E448M,0.4294,Amb
E448N,0.1449,LBen
E448P,0.8699,LPath
E448Q,0.1589,LBen
E448R,0.4024,Amb
E448S,0.1468,LBen
E448T,0.2111,LBen
E448V,0.279,LBen
E448W,0.8695,LPath
E448Y,0.5085,Amb
G449A,0.9834,LPath
G449C,0.9957,LPath
G449D,0.999,LPath
G449E,0.999,LPath
G449F,0.9997,LPath
G449H,0.9998,LPath
G449I,0.9998,LPath
G449K,0.9997,LPath
G449L,0.9992,LPath
G449M,0.9994,LPath
G449N,0.9986,LPath
G449P,0.9999,LPath
G449Q,0.9991,LPath
G449R,0.9993,LPath
G449S,0.988,LPath
G449T,0.9979,LPath
G449V,0.9993,LPath
G449W,0.9995,LPath
G449Y,0.9994,LPath
K450A,0.691,LPath
K450C,0.5976,LPath
K450D,0.8793,LPath
K450E,0.6593,LPath
K450F,0.918,LPath
K450G,0.7564,LPath
K450H,0.2945,LBen
K450I,0.7744,LPath
K450L,0.5702,LPath
K450M,0.5226,Amb
K450N,0.5746,LPath
K450P,0.9936,LPath
K450Q,0.2133,LBen
K450R,0.0667,LBen
K450S,0.7261,LPath
K450T,0.5833,LPath
K450V,0.6758,LPath
K450W,0.8723,LPath
K450Y,0.7716,LPath
F451A,0.9913,LPath
F451C,0.9238,LPath
F451D,0.9987,LPath
F451E,0.9992,LPath
F451G,0.9942,LPath
F451H,0.948,LPath
F451I,0.9903,LPath
F451K,0.999,LPath
F451L,0.999,LPath
F451M,0.9871,LPath
F451N,0.9884,LPath
F451P,1.0,LPath
F451Q,0.9967,LPath
F451R,0.9964,LPath
F451S,0.9764,LPath
F451T,0.9951,LPath
F451V,0.9782,LPath
F451W,0.6665,LPath
F451Y,0.1458,LBen
V452A,0.9927,LPath
V452C,0.9888,LPath
V452D,0.9999,LPath
V452E,0.9995,LPath
V452F,0.9917,LPath
V452G,0.9969,LPath
V452H,0.9998,LPath
V452I,0.1321,LBen
V452K,0.9997,LPath
V452L,0.9356,LPath
V452M,0.9763,LPath
V452N,0.9997,LPath
V452P,0.9995,LPath
V452Q,0.9991,LPath
V452R,0.9989,LPath
V452S,0.9972,LPath
V452T,0.9887,LPath
V452W,0.9998,LPath
V452Y,0.9994,LPath
R453A,0.8904,LPath
R453C,0.3421,Amb
R453D,0.9941,LPath
R453E,0.9215,LPath
R453F,0.9562,LPath
R453G,0.9116,LPath
R453H,0.3992,Amb
R453I,0.7715,LPath
R453K,0.1706,LBen
R453L,0.6897,LPath
R453M,0.8039,LPath
R453N,0.98,LPath
R453P,0.9978,LPath
R453Q,0.241,LBen
R453S,0.9316,LPath
R453T,0.7439,LPath
R453V,0.7171,LPath
R453W,0.7806,LPath
R453Y,0.9152,LPath
L454A,0.9958,LPath
L454C,0.9893,LPath
L454D,1.0,LPath
L454E,0.9998,LPath
L454F,0.9752,LPath
L454G,0.9992,LPath
L454H,0.9997,LPath
L454I,0.4203,Amb
L454K,0.9996,LPath
L454M,0.7858,LPath
L454N,0.9998,LPath
L454P,0.9998,LPath
L454Q,0.9994,LPath
L454R,0.999,LPath
L454S,0.9998,LPath
L454T,0.9985,LPath
L454V,0.5754,LPath
L454W,0.9991,LPath
L454Y,0.9988,LPath
R455A,0.8108,LPath
R455C,0.3304,LBen
R455D,0.9787,LPath
R455E,0.8527,LPath
R455F,0.8681,LPath
R455G,0.7631,LPath
R455H,0.2175,LBen
R455I,0.7244,LPath
R455K,0.1522,LBen
R455L,0.5855,LPath
R455M,0.7467,LPath
R455N,0.9366,LPath
R455P,0.9941,LPath
R455Q,0.2222,LBen
R455S,0.8647,LPath
R455T,0.7382,LPath
R455V,0.7246,LPath
R455W,0.5358,Amb
R455Y,0.7682,LPath
N456A,0.9991,LPath
N456C,0.9697,LPath
N456D,0.9993,LPath
N456E,0.9996,LPath
N456F,0.9997,LPath
N456G,0.9977,LPath
N456H,0.9972,LPath
N456I,0.9977,LPath
N456K,0.9997,LPath
N456L,0.9935,LPath
N456M,0.9987,LPath
N456P,0.999,LPath
N456Q,0.9995,LPath
N456R,0.9994,LPath
N456S,0.9861,LPath
N456T,0.9977,LPath
N456V,0.9969,LPath
N456W,0.9998,LPath
N456Y,0.9962,LPath
K457A,0.9375,LPath
K457C,0.937,LPath
K457D,0.9736,LPath
K457E,0.9495,LPath
K457F,0.9871,LPath
K457G,0.9404,LPath
K457H,0.7145,LPath
K457I,0.9224,LPath
K457L,0.8979,LPath
K457M,0.8723,LPath
K457N,0.9359,LPath
K457P,0.9822,LPath
K457Q,0.7052,LPath
K457R,0.171,LBen
K457S,0.9442,LPath
K457T,0.7372,LPath
K457V,0.8756,LPath
K457W,0.9781,LPath
K457Y,0.9562,LPath
S458A,0.2266,LBen
S458C,0.393,Amb
S458D,0.9595,LPath
S458E,0.9808,LPath
S458F,0.9403,LPath
S458G,0.2172,LBen
S458H,0.9125,LPath
S458I,0.9832,LPath
S458K,0.996,LPath
S458L,0.7805,LPath
S458M,0.8369,LPath
S458N,0.7939,LPath
S458P,0.9972,LPath
S458Q,0.9568,LPath
S458R,0.9935,LPath
S458T,0.434,Amb
S458V,0.9437,LPath
S458W,0.9423,LPath
S458Y,0.9162,LPath
N459A,0.1196,LBen
N459C,0.2155,LBen
N459D,0.1923,LBen
N459E,0.4312,Amb
N459F,0.597,LPath
N459G,0.1269,LBen
N459H,0.1429,LBen
N459I,0.2944,LBen
N459K,0.4502,Amb
N459L,0.2242,LBen
N459M,0.2985,LBen
N459P,0.2916,LBen
N459Q,0.2884,LBen
N459R,0.4917,Amb
N459S,0.0569,LBen
N459T,0.0906,LBen
N459V,0.2219,LBen
N459W,0.7633,LPath
N459Y,0.3095,LBen
E460A,0.6532,LPath
E460C,0.978,LPath
E460D,0.5494,Amb
E460F,0.9892,LPath
E460G,0.8191,LPath
E460H,0.9274,LPath
E460I,0.8546,LPath
E460K,0.6978,LPath
E460L,0.9101,LPath
E460M,0.8987,LPath
E460N,0.8899,LPath
E460P,0.995,LPath
E460Q,0.361,Amb
E460R,0.7857,LPath
E460S,0.7745,LPath
E460T,0.6817,LPath
E460V,0.6756,LPath
E460W,0.9962,LPath
E460Y,0.9785,LPath
D461A,0.9872,LPath
D461C,0.999,LPath
D461E,0.9361,LPath
D461F,0.998,LPath
D461G,0.9864,LPath
D461H,0.9974,LPath
D461I,0.9965,LPath
D461K,0.9985,LPath
D461L,0.9957,LPath
D461M,0.9989,LPath
D461N,0.92,LPath
D461P,0.9963,LPath
D461Q,0.9977,LPath
D461R,0.9983,LPath
D461S,0.98,LPath
D461T,0.9921,LPath
D461V,0.9874,LPath
D461W,0.9995,LPath
D461Y,0.9855,LPath
Q462A,0.6941,LPath
Q462C,0.937,LPath
Q462D,0.9943,LPath
Q462E,0.4861,Amb
Q462F,0.9604,LPath
Q462G,0.9571,LPath
Q462H,0.9232,LPath
Q462I,0.57,LPath
Q462K,0.8983,LPath
Q462L,0.7055,LPath
Q462M,0.6316,LPath
Q462N,0.9244,LPath
Q462P,0.996,LPath
Q462R,0.8898,LPath
Q462S,0.8366,LPath
Q462T,0.6539,LPath
Q462V,0.4007,Amb
Q462W,0.9905,LPath
Q462Y,0.9757,LPath
S463A,0.0599,LBen
S463C,0.148,LBen
S463D,0.9345,LPath
S463E,0.9353,LPath
S463F,0.5126,Amb
S463G,0.1421,LBen
S463H,0.7346,LPath
S463I,0.3216,LBen
S463K,0.9796,LPath
S463L,0.1373,LBen
S463M,0.2092,LBen
S463N,0.2782,LBen
S463P,0.1283,LBen
S463Q,0.7116,LPath
S463R,0.9755,LPath
S463T,0.1266,LBen
S463V,0.2119,LBen
S463W,0.7804,LPath
S463Y,0.6234,LPath
M464A,0.959,LPath
M464C,0.9526,LPath
M464D,0.9998,LPath
M464E,0.9989,LPath
M464F,0.9398,LPath
M464G,0.9964,LPath
M464H,0.9994,LPath
M464I,0.6684,LPath
M464K,0.9971,LPath
M464L,0.122,LBen
M464N,0.9987,LPath
M464P,0.9967,LPath
M464Q,0.9949,LPath
M464R,0.9972,LPath
M464S,0.9941,LPath
M464T,0.9625,LPath
M464V,0.2143,LBen
M464W,0.9988,LPath
M464Y,0.9982,LPath
G465A,0.5845,LPath
G465C,0.9131,LPath
G465D,0.9954,LPath
G465E,0.9958,LPath
G465F,0.9888,LPath
G465H,0.9917,LPath
G465I,0.9793,LPath
G465K,0.9987,LPath
G465L,0.9821,LPath
G465M,0.9849,LPath
G465N,0.9599,LPath
G465P,0.9972,LPath
G465Q,0.9845,LPath
G465R,0.9953,LPath
G465S,0.5624,Amb
G465T,0.911,LPath
G465V,0.9496,LPath
G465W,0.9878,LPath
G465Y,0.9875,LPath
N466A,0.4205,Amb
N466C,0.3762,Amb
N466D,0.8329,LPath
N466E,0.9731,LPath
N466F,0.7662,LPath
N466G,0.2754,LBen
N466H,0.323,LBen
N466I,0.7313,LPath
N466K,0.965,LPath
N466L,0.5068,Amb
N466M,0.5958,LPath
N466P,0.8637,LPath
N466Q,0.743,LPath
N466R,0.9555,LPath
N466S,0.0931,LBen
N466T,0.3628,Amb
N466V,0.6508,LPath
N466W,0.9306,LPath
N466Y,0.4922,Amb
W467A,0.9978,LPath
W467C,0.9955,LPath
W467D,0.9998,LPath
W467E,0.9998,LPath
W467F,0.6849,LPath
W467G,0.9902,LPath
W467H,0.9952,LPath
W467I,0.9983,LPath
W467K,0.9999,LPath
W467L,0.9915,LPath
W467M,0.9957,LPath
W467N,0.9993,LPath
W467P,0.9999,LPath
W467Q,0.9996,LPath
W467R,0.9996,LPath
W467S,0.9947,LPath
W467T,0.9989,LPath
W467V,0.9972,LPath
W467Y,0.8238,LPath
Q468A,0.4466,Amb
Q468C,0.8114,LPath
Q468D,0.9818,LPath
Q468E,0.4479,Amb
Q468F,0.9116,LPath
Q468G,0.795,LPath
Q468H,0.6971,LPath
Q468I,0.4485,Amb
Q468K,0.692,LPath
Q468L,0.2436,LBen
Q468M,0.2956,LBen
Q468N,0.7688,LPath
Q468P,0.9953,LPath
Q468R,0.6974,LPath
Q468S,0.5337,Amb
Q468T,0.3365,LBen
Q468V,0.2659,LBen
Q468W,0.9608,LPath
Q468Y,0.8966,LPath
I469A,0.9901,LPath
I469C,0.9858,LPath
I469D,0.9999,LPath
I469E,0.9995,LPath
I469F,0.9765,LPath
I469G,0.9982,LPath
I469H,0.9997,LPath
I469K,0.9994,LPath
I469L,0.2789,LBen
I469M,0.6001,LPath
I469N,0.9989,LPath
I469P,0.9992,LPath
I469Q,0.9992,LPath
I469R,0.9991,LPath
I469S,0.9982,LPath
I469T,0.9968,LPath
I469V,0.171,LBen
I469W,0.9995,LPath
I469Y,0.9982,LPath
K470A,0.9527,LPath
K470C,0.9027,LPath
K470D,0.9953,LPath
K470E,0.9445,LPath
K470F,0.9902,LPath
K470G,0.9766,LPath
K470H,0.7268,LPath
K470I,0.8769,LPath
K470L,0.8878,LPath
K470M,0.848,LPath
K470N,0.9845,LPath
K470P,0.9983,LPath
K470Q,0.4772,Amb
K470R,0.1198,LBen
K470S,0.9611,LPath
K470T,0.8379,LPath
K470V,0.8285,LPath
K470W,0.9754,LPath
K470Y,0.9702,LPath
R471A,0.9937,LPath
R471C,0.8919,LPath
R471D,0.9985,LPath
R471E,0.9843,LPath
R471F,0.9962,LPath
R471G,0.9882,LPath
R471H,0.8259,LPath
R471I,0.964,LPath
R471K,0.8137,LPath
R471L,0.9638,LPath
R471M,0.989,LPath
R471N,0.9955,LPath
R471P,0.9992,LPath
R471Q,0.8095,LPath
R471S,0.9956,LPath
R471T,0.9896,LPath
R471V,0.9621,LPath
R471W,0.9586,LPath
R471Y,0.9815,LPath
Q472A,0.5569,Amb
Q472C,0.8963,LPath
Q472D,0.9519,LPath
Q472E,0.3558,Amb
Q472F,0.9228,LPath
Q472G,0.7641,LPath
Q472H,0.7028,LPath
Q472I,0.6461,LPath
Q472K,0.5006,Amb
Q472L,0.4007,Amb
Q472M,0.5218,Amb
Q472N,0.7809,LPath
Q472P,0.9805,LPath
Q472R,0.5035,Amb
Q472S,0.603,LPath
Q472T,0.5229,Amb
Q472V,0.4653,Amb
Q472W,0.9407,LPath
Q472Y,0.8982,LPath
N473A,0.4583,Amb
N473C,0.3579,Amb
N473D,0.5731,LPath
N473E,0.8665,LPath
N473F,0.8497,LPath
N473G,0.6116,LPath
N473H,0.3944,Amb
N473I,0.2937,LBen
N473K,0.8894,LPath
N473L,0.4557,Amb
N473M,0.5611,Amb
N473P,0.892,LPath
N473Q,0.7497,LPath
N473R,0.8621,LPath
N473S,0.2003,LBen
N473T,0.2854,LBen
N473V,0.2549,LBen
N473W,0.9457,LPath
N473Y,0.5161,Amb
G474A,0.4837,Amb
G474C,0.7313,LPath
G474D,0.8106,LPath
G474E,0.868,LPath
G474F,0.9678,LPath
G474H,0.9296,LPath
G474I,0.9406,LPath
G474K,0.9629,LPath
G474L,0.9036,LPath
G474M,0.9299,LPath
G474N,0.702,LPath
G474P,0.9876,LPath
G474Q,0.8608,LPath
G474R,0.906,LPath
G474S,0.325,LBen
G474T,0.7588,LPath
G474V,0.8794,LPath
G474W,0.9611,LPath
G474Y,0.953,LPath
D475A,0.2803,LBen
D475C,0.7545,LPath
D475E,0.1072,LBen
D475F,0.8267,LPath
D475G,0.2877,LBen
D475H,0.5655,LPath
D475I,0.5626,Amb
D475K,0.5674,LPath
D475L,0.5542,Amb
D475M,0.6806,LPath
D475N,0.161,LBen
D475P,0.7131,LPath
D475Q,0.4013,Amb
D475R,0.6078,LPath
D475S,0.1909,LBen
D475T,0.3079,LBen
D475V,0.3767,Amb
D475W,0.9499,LPath
D475Y,0.6106,LPath
D476A,0.2004,LBen
D476C,0.6938,LPath
D476E,0.1004,LBen
D476F,0.677,LPath
D476G,0.2317,LBen
D476H,0.4381,Amb
D476I,0.4256,Amb
D476K,0.5204,Amb
D476L,0.3703,Amb
D476M,0.5806,LPath
D476N,0.1656,LBen
D476P,0.8695,LPath
D476Q,0.314,LBen
D476R,0.5589,Amb
D476S,0.1564,LBen
D476T,0.2714,LBen
D476V,0.2719,LBen
D476W,0.9262,LPath
D476Y,0.4437,Amb
P477A,0.0579,LBen
P477C,0.3737,Amb
P477D,0.4066,Amb
P477E,0.3032,LBen
P477F,0.4829,Amb
P477G,0.201,LBen
P477H,0.192,LBen
P477I,0.2175,LBen
P477K,0.3935,Amb
P477L,0.1041,LBen
P477M,0.2149,LBen
P477N,0.1767,LBen
P477Q,0.1251,LBen
P477R,0.2959,LBen
P477S,0.0829,LBen
P477T,0.0691,LBen
P477V,0.131,LBen
P477W,0.7841,LPath
P477Y,0.5108,Amb
L478A,0.1537,LBen
L478C,0.447,Amb
L478D,0.7845,LPath
L478E,0.5247,Amb
L478F,0.2235,LBen
L478G,0.4471,Amb
L478H,0.3551,Amb
L478I,0.0893,LBen
L478K,0.6388,LPath
L478M,0.1168,LBen
L478N,0.3025,LBen
L478P,0.1194,LBen
L478Q,0.1988,LBen
L478R,0.5486,Amb
L478S,0.2152,LBen
L478T,0.168,LBen
L478V,0.0735,LBen
L478W,0.5646,LPath
L478Y,0.518,Amb
L479A,0.4413,Amb
L479C,0.5287,Amb
L479D,0.9481,LPath
L479E,0.7451,LPath
L479F,0.2781,LBen
L479G,0.8051,LPath
L479H,0.4218,Amb
L479I,0.0791,LBen
L479K,0.5957,LPath
L479M,0.1327,LBen
L479N,0.6491,LPath
L479P,0.9224,LPath
L479Q,0.2715,LBen
L479R,0.4662,Amb
L479S,0.5869,LPath
L479T,0.3982,Amb
L479V,0.0872,LBen
L479W,0.5489,Amb
L479Y,0.5462,Amb
T480A,0.0995,LBen
T480C,0.2317,LBen
T480D,0.8243,LPath
T480E,0.8197,LPath
T480F,0.3154,LBen
T480G,0.2612,LBen
T480H,0.4144,Amb
T480I,0.1635,LBen
T480K,0.8347,LPath
T480L,0.1246,LBen
T480M,0.1233,LBen
T480N,0.16,LBen
T480P,0.389,Amb
T480Q,0.4732,Amb
T480R,0.7719,LPath
T480S,0.11,LBen
T480V,0.1155,LBen
T480W,0.7556,LPath
T480Y,0.4233,Amb
Y481A,0.998,LPath
Y481C,0.9314,LPath
Y481D,0.9995,LPath
Y481E,0.9998,LPath
Y481F,0.1912,LBen
Y481G,0.9955,LPath
Y481H,0.9852,LPath
Y481I,0.9917,LPath
Y481K,0.9997,LPath
Y481L,0.974,LPath
Y481M,0.9932,LPath
Y481N,0.9971,LPath
Y481P,0.9994,LPath
Y481Q,0.9995,LPath
Y481R,0.9985,LPath
Y481S,0.9941,LPath
Y481T,0.9985,LPath
Y481V,0.9799,LPath
Y481W,0.7699,LPath
R482A,0.9859,LPath
R482C,0.8926,LPath
R482D,0.9961,LPath
R482E,0.9911,LPath
R482F,0.9912,LPath
R482G,0.9649,LPath
R482H,0.6912,LPath
R482I,0.9638,LPath
R482K,0.4036,Amb
R482L,0.9511,LPath
R482M,0.9865,LPath
R482N,0.994,LPath
R482P,0.9919,LPath
R482Q,0.7999,LPath
R482S,0.9882,LPath
R482T,0.9696,LPath
R482V,0.9607,LPath
R482W,0.9191,LPath
R482Y,0.9722,LPath
F483A,0.9995,LPath
F483C,0.9969,LPath
F483D,1.0,LPath
F483E,1.0,LPath
F483G,0.9998,LPath
F483H,0.9993,LPath
F483I,0.9573,LPath
F483K,0.9999,LPath
F483L,0.9951,LPath
F483M,0.9893,LPath
F483N,0.9997,LPath
F483P,0.9999,LPath
F483Q,0.9999,LPath
F483R,0.9998,LPath
F483S,0.9997,LPath
F483T,0.9997,LPath
F483V,0.9833,LPath
F483W,0.9857,LPath
F483Y,0.9291,LPath
P484A,0.6534,LPath
P484C,0.9763,LPath
P484D,0.998,LPath
P484E,0.9961,LPath
P484F,0.989,LPath
P484G,0.9284,LPath
P484H,0.8979,LPath
P484I,0.9761,LPath
P484K,0.9957,LPath
P484L,0.8155,LPath
P484M,0.9549,LPath
P484N,0.9692,LPath
P484Q,0.9503,LPath
P484R,0.9883,LPath
P484S,0.7138,LPath
P484T,0.5781,LPath
P484V,0.9356,LPath
P484W,0.9962,LPath
P484Y,0.9926,LPath
P485A,0.2575,LBen
P485C,0.8764,LPath
P485D,0.9893,LPath
P485E,0.9732,LPath
P485F,0.9491,LPath
P485G,0.6666,LPath
P485H,0.7628,LPath
P485I,0.8771,LPath
P485K,0.9816,LPath
P485L,0.5983,LPath
P485M,0.8313,LPath
P485N,0.8236,LPath
P485Q,0.7135,LPath
P485R,0.9348,LPath
P485S,0.4312,Amb
P485T,0.528,Amb
P485V,0.6547,LPath
P485W,0.9762,LPath
P485Y,0.9477,LPath
K486A,0.9737,LPath
K486C,0.9792,LPath
K486D,0.9939,LPath
K486E,0.9939,LPath
K486F,0.9977,LPath
K486G,0.9456,LPath
K486H,0.8939,LPath
K486I,0.9929,LPath
K486L,0.9783,LPath
K486M,0.9839,LPath
K486N,0.9863,LPath
K486P,0.9808,LPath
K486Q,0.9118,LPath
K486R,0.1004,LBen
K486S,0.9806,LPath
K486T,0.9657,LPath
K486V,0.9808,LPath
K486W,0.993,LPath
K486Y,0.9838,LPath
F487A,0.994,LPath
F487C,0.9702,LPath
F487D,0.999,LPath
F487E,0.9989,LPath
F487G,0.9966,LPath
F487H,0.9856,LPath
F487I,0.9457,LPath
F487K,0.9993,LPath
F487L,0.9953,LPath
F487M,0.9549,LPath
F487N,0.991,LPath
F487P,1.0,LPath
F487Q,0.9964,LPath
F487R,0.9981,LPath
F487S,0.9933,LPath
F487T,0.9895,LPath
F487V,0.9198,LPath
F487W,0.9149,LPath
F487Y,0.3686,Amb
T488A,0.1917,LBen
T488C,0.3973,Amb
T488D,0.9649,LPath
T488E,0.9503,LPath
T488F,0.4972,Amb
T488G,0.536,Amb
T488H,0.6176,LPath
T488I,0.2018,LBen
T488K,0.9079,LPath
T488L,0.1725,LBen
T488M,0.1399,LBen
T488N,0.3348,LBen
T488P,0.6883,LPath
T488Q,0.6427,LPath
T488R,0.8788,LPath
T488S,0.2133,LBen
T488V,0.1292,LBen
T488W,0.8806,LPath
T488Y,0.6967,LPath
L489A,0.9814,LPath
L489C,0.9732,LPath
L489D,1.0,LPath
L489E,0.9997,LPath
L489F,0.9774,LPath
L489G,0.9984,LPath
L489H,0.9993,LPath
L489I,0.5469,Amb
L489K,0.9994,LPath
L489M,0.6698,LPath
L489N,0.9995,LPath
L489P,0.9994,LPath
L489Q,0.9978,LPath
L489R,0.9983,LPath
L489S,0.999,LPath
L489T,0.9958,LPath
L489V,0.5904,LPath
L489W,0.9988,LPath
L489Y,0.9985,LPath
K490A,0.97,LPath
K490C,0.9776,LPath
K490D,0.9962,LPath
K490E,0.9824,LPath
K490F,0.9971,LPath
K490G,0.9583,LPath
K490H,0.8687,LPath
K490I,0.9938,LPath
K490L,0.9615,LPath
K490M,0.9659,LPath
K490N,0.9921,LPath
K490P,0.9658,LPath
K490Q,0.7803,LPath
K490R,0.1321,LBen
K490S,0.9894,LPath
K490T,0.9747,LPath
K490V,0.9834,LPath
K490W,0.9934,LPath
K490Y,0.9907,LPath
A491C,0.9522,LPath
A491D,0.9956,LPath
A491E,0.9856,LPath
A491F,0.9921,LPath
A491G,0.2684,LBen
A491H,0.9869,LPath
A491I,0.9949,LPath
A491K,0.9935,LPath
A491L,0.9818,LPath
A491M,0.9823,LPath
A491N,0.9735,LPath
A491P,0.82,LPath
A491Q,0.9445,LPath
A491R,0.9739,LPath
A491S,0.3118,LBen
A491T,0.9448,LPath
A491V,0.9698,LPath
A491W,0.9986,LPath
A491Y,0.9934,LPath
G492A,0.5164,Amb
G492C,0.6447,LPath
G492D,0.831,LPath
G492E,0.8536,LPath
G492F,0.9314,LPath
G492H,0.8112,LPath
G492I,0.9729,LPath
G492K,0.9269,LPath
G492L,0.853,LPath
G492M,0.8811,LPath
G492N,0.4678,Amb
G492P,0.997,LPath
G492Q,0.6881,LPath
G492R,0.8475,LPath
G492S,0.2406,LBen
G492T,0.7276,LPath
G492V,0.9327,LPath
G492W,0.9282,LPath
G492Y,0.9029,LPath
Q493A,0.3,LBen
Q493C,0.8093,LPath
Q493D,0.8291,LPath
Q493E,0.3059,LBen
Q493F,0.9347,LPath
Q493G,0.3172,LBen
Q493H,0.5363,Amb
Q493I,0.8976,LPath
Q493K,0.5611,Amb
Q493L,0.4972,Amb
Q493M,0.5223,Amb
Q493N,0.4651,Amb
Q493P,0.9811,LPath
Q493R,0.6004,LPath
Q493S,0.3016,LBen
Q493T,0.4554,Amb
Q493V,0.7083,LPath
Q493W,0.9646,LPath
Q493Y,0.8875,LPath
V494A,0.1744,LBen
V494C,0.5305,Amb
V494D,0.6051,LPath
V494E,0.4248,Amb
V494F,0.2112,LBen
V494G,0.2911,LBen
V494H,0.5673,LPath
V494I,0.0811,LBen
V494K,0.5923,LPath
V494L,0.1676,LBen
V494M,0.1013,LBen
V494N,0.2945,LBen
V494P,0.8389,LPath
V494Q,0.3368,LBen
V494R,0.5528,Amb
V494S,0.1864,LBen
V494T,0.11,LBen
V494W,0.7552,LPath
V494Y,0.5613,Amb
V495A,0.8685,LPath
V495C,0.9053,LPath
V495D,0.9997,LPath
V495E,0.9987,LPath
V495F,0.9898,LPath
V495G,0.9599,LPath
V495H,0.9995,LPath
V495I,0.2847,LBen
V495K,0.9987,LPath
V495L,0.8839,LPath
V495M,0.9194,LPath
V495N,0.9973,LPath
V495P,0.999,LPath
V495Q,0.9964,LPath
V495R,0.9966,LPath
V495S,0.9722,LPath
V495T,0.8005,LPath
V495W,0.9998,LPath
V495Y,0.9992,LPath
T496A,0.7679,LPath
T496C,0.8818,LPath
T496D,0.9881,LPath
T496E,0.982,LPath
T496F,0.9747,LPath
T496G,0.9218,LPath
T496H,0.9315,LPath
T496I,0.9281,LPath
T496K,0.9443,LPath
T496L,0.7497,LPath
T496M,0.6097,LPath
T496N,0.8652,LPath
T496P,0.9898,LPath
T496Q,0.9003,LPath
T496R,0.9401,LPath
T496S,0.6483,LPath
T496V,0.7348,LPath
T496W,0.9901,LPath
T496Y,0.9743,LPath
I497A,0.9934,LPath
I497C,0.9954,LPath
I497D,1.0,LPath
I497E,0.9999,LPath
I497F,0.9915,LPath
I497G,0.9996,LPath
I497H,0.9999,LPath
I497K,0.9998,LPath
I497L,0.7911,LPath
I497M,0.9386,LPath
I497N,0.9996,LPath
I497P,0.999,LPath
I497Q,0.9998,LPath
I497R,0.9996,LPath
I497S,0.9987,LPath
I497T,0.9968,LPath
I497V,0.1185,LBen
I497W,0.9999,LPath
I497Y,0.9994,LPath
W498A,0.999,LPath
W498C,0.9987,LPath
W498D,0.9999,LPath
W498E,0.9999,LPath
W498F,0.7655,LPath
W498G,0.9965,LPath
W498H,0.9904,LPath
W498I,0.9989,LPath
W498K,0.9998,LPath
W498L,0.9956,LPath
W498M,0.9988,LPath
W498N,0.9998,LPath
W498P,0.9999,LPath
W498Q,0.9997,LPath
W498R,0.9989,LPath
W498S,0.9976,LPath
W498T,0.9993,LPath
W498V,0.9981,LPath
W498Y,0.8433,LPath
A499C,0.9298,LPath
A499D,0.9982,LPath
A499E,0.9982,LPath
A499F,0.9962,LPath
A499G,0.1636,LBen
A499H,0.9943,LPath
A499I,0.9988,LPath
A499K,0.9995,LPath
A499L,0.9827,LPath
A499M,0.9926,LPath
A499N,0.9861,LPath
A499P,0.9967,LPath
A499Q,0.9917,LPath
A499R,0.9961,LPath
A499S,0.2698,LBen
A499T,0.9707,LPath
A499V,0.9907,LPath
A499W,0.9993,LPath
A499Y,0.9967,LPath
A500C,0.4774,Amb
A500D,0.9468,LPath
A500E,0.899,LPath
A500F,0.6968,LPath
A500G,0.2056,LBen
A500H,0.8458,LPath
A500I,0.6958,LPath
A500K,0.9632,LPath
A500L,0.4465,Amb
A500M,0.4754,Amb
A500N,0.596,LPath
A500P,0.9335,LPath
A500Q,0.7017,LPath
A500R,0.9349,LPath
A500S,0.0912,LBen
A500T,0.2242,LBen
A500V,0.4006,Amb
A500W,0.9433,LPath
A500Y,0.8383,LPath
G501A,0.2403,LBen
G501C,0.5216,Amb
G501D,0.6297,LPath
G501E,0.7135,LPath
G501F,0.9086,LPath
G501H,0.7803,LPath
G501I,0.8479,LPath
G501K,0.9032,LPath
G501L,0.7721,LPath
G501M,0.7869,LPath
G501N,0.3633,Amb
G501P,0.9698,LPath
G501Q,0.6818,LPath
G501R,0.8363,LPath
G501S,0.1575,LBen
G501T,0.3396,LBen
G501V,0.6785,LPath
G501W,0.9188,LPath
G501Y,0.872,LPath
A502C,0.6249,LPath
A502D,0.9635,LPath
A502E,0.9293,LPath
A502F,0.8414,LPath
A502G,0.2739,LBen
A502H,0.8926,LPath
A502I,0.8356,LPath
A502K,0.9788,LPath
A502L,0.7555,LPath
A502M,0.7425,LPath
A502N,0.817,LPath
A502P,0.9796,LPath
A502Q,0.8369,LPath
A502R,0.9465,LPath
A502S,0.1391,LBen
A502T,0.4387,Amb
A502V,0.5469,Amb
A502W,0.9745,LPath
A502Y,0.9153,LPath
G503A,0.5254,Amb
G503C,0.7548,LPath
G503D,0.791,LPath
G503E,0.8359,LPath
G503F,0.9699,LPath
G503H,0.8768,LPath
G503I,0.9553,LPath
G503K,0.9121,LPath
G503L,0.8977,LPath
G503M,0.9079,LPath
G503N,0.5573,Amb
G503P,0.9768,LPath
G503Q,0.7525,LPath
G503R,0.8588,LPath
G503S,0.3174,LBen
G503T,0.7183,LPath
G503V,0.889,LPath
G503W,0.9696,LPath
G503Y,0.9555,LPath
A504C,0.5121,Amb
A504D,0.9507,LPath
A504E,0.7804,LPath
A504F,0.6308,LPath
A504G,0.2609,LBen
A504H,0.8055,LPath
A504I,0.3092,LBen
A504K,0.8381,LPath
A504L,0.4332,Amb
A504M,0.3789,Amb
A504N,0.7185,LPath
A504P,0.9266,LPath
A504Q,0.5223,Amb
A504R,0.7591,LPath
A504S,0.1997,LBen
A504T,0.2019,LBen
A504V,0.136,LBen
A504W,0.9668,LPath
A504Y,0.8543,LPath
T505A,0.0929,LBen
T505C,0.491,Amb
T505D,0.8482,LPath
T505E,0.809,LPath
T505F,0.5443,Amb
T505G,0.213,LBen
T505H,0.5892,LPath
T505I,0.3401,Amb
T505K,0.7426,LPath
T505L,0.2033,LBen
T505M,0.1692,LBen
T505N,0.2527,LBen
T505P,0.2159,LBen
T505Q,0.4554,Amb
T505R,0.7238,LPath
T505S,0.1174,LBen
T505V,0.1866,LBen
T505W,0.8937,LPath
T505Y,0.7406,LPath
H506A,0.9258,LPath
H506C,0.8598,LPath
H506D,0.9945,LPath
H506E,0.9983,LPath
H506F,0.9475,LPath
H506G,0.9641,LPath
H506I,0.9947,LPath
H506K,0.998,LPath
H506L,0.9571,LPath
H506M,0.9907,LPath
H506N,0.7054,LPath
H506P,0.723,LPath
H506Q,0.9845,LPath
H506R,0.992,LPath
H506S,0.8125,LPath
H506T,0.9847,LPath
H506V,0.9892,LPath
H506W,0.9567,LPath
H506Y,0.8839,LPath
S507A,0.1297,LBen
S507C,0.1187,LBen
S507D,0.8661,LPath
S507E,0.9069,LPath
S507F,0.5749,LPath
S507G,0.2264,LBen
S507H,0.4843,Amb
S507I,0.4645,Amb
S507K,0.9196,LPath
S507L,0.2324,LBen
S507M,0.3016,LBen
S507N,0.1676,LBen
S507P,0.9907,LPath
S507Q,0.6134,LPath
S507R,0.8801,LPath
S507T,0.1793,LBen
S507V,0.3849,Amb
S507W,0.8233,LPath
S507Y,0.5546,Amb
P508A,0.9369,LPath
P508C,0.9975,LPath
P508D,0.9997,LPath
P508E,0.9993,LPath
P508F,0.9984,LPath
P508G,0.9933,LPath
P508H,0.9973,LPath
P508I,0.9934,LPath
P508K,0.9989,LPath
P508L,0.9696,LPath
P508M,0.9969,LPath
P508N,0.9991,LPath
P508Q,0.9978,LPath
P508R,0.9958,LPath
P508S,0.9923,LPath
P508T,0.9917,LPath
P508V,0.9848,LPath
P508W,0.9996,LPath
P508Y,0.9988,LPath
P509A,0.9814,LPath
P509C,0.9991,LPath
P509D,0.9986,LPath
P509E,0.9986,LPath
P509F,0.9997,LPath
P509G,0.9847,LPath
P509H,0.9975,LPath
P509I,0.9987,LPath
P509K,0.9981,LPath
P509L,0.9914,LPath
P509M,0.9986,LPath
P509N,0.9978,LPath
P509Q,0.9961,LPath
P509R,0.9924,LPath
P509S,0.9945,LPath
P509T,0.9909,LPath
P509V,0.994,LPath
P509W,0.9998,LPath
P509Y,0.9994,LPath
T510A,0.074,LBen
T510C,0.3052,LBen
T510D,0.6175,LPath
T510E,0.5563,Amb
T510F,0.4177,Amb
T510G,0.1222,LBen
T510H,0.3251,LBen
T510I,0.4451,Amb
T510K,0.4797,Amb
T510L,0.1555,LBen
T510M,0.1189,LBen
T510N,0.1513,LBen
T510P,0.7006,LPath
T510Q,0.2738,LBen
T510R,0.4052,Amb
T510S,0.0692,LBen
T510V,0.2513,LBen
T510W,0.7083,LPath
T510Y,0.4867,Amb
D511A,0.8298,LPath
D511C,0.9641,LPath
D511E,0.6673,LPath
D511F,0.9799,LPath
D511G,0.9302,LPath
D511H,0.8262,LPath
D511I,0.9321,LPath
D511K,0.9807,LPath
D511L,0.9612,LPath
D511M,0.9728,LPath
D511N,0.2778,LBen
D511P,0.9977,LPath
D511Q,0.8898,LPath
D511R,0.9814,LPath
D511S,0.4767,Amb
D511T,0.6824,LPath
D511V,0.7914,LPath
D511W,0.9971,LPath
D511Y,0.9034,LPath
L512A,0.9167,LPath
L512C,0.914,LPath
L512D,0.9991,LPath
L512E,0.9915,LPath
L512F,0.6329,LPath
L512G,0.9905,LPath
L512H,0.9598,LPath
L512I,0.2244,LBen
L512K,0.9786,LPath
L512M,0.139,LBen
L512N,0.9868,LPath
L512P,0.9989,LPath
L512Q,0.9348,LPath
L512R,0.969,LPath
L512S,0.9814,LPath
L512T,0.8959,LPath
L512V,0.1724,LBen
L512W,0.9382,LPath
L512Y,0.9274,LPath
V513A,0.9672,LPath
V513C,0.9713,LPath
V513D,0.9991,LPath
V513E,0.993,LPath
V513F,0.9518,LPath
V513G,0.961,LPath
V513H,0.9959,LPath
V513I,0.2056,LBen
V513K,0.9852,LPath
V513L,0.5407,Amb
V513M,0.8736,LPath
V513N,0.9893,LPath
V513P,0.9955,LPath
V513Q,0.9793,LPath
V513R,0.9715,LPath
V513S,0.9812,LPath
V513T,0.906,LPath
V513W,0.9986,LPath
V513Y,0.9922,LPath
W514A,0.9924,LPath
W514C,0.9882,LPath
W514D,0.9996,LPath
W514E,0.9995,LPath
W514F,0.6549,LPath
W514G,0.9805,LPath
W514H,0.9922,LPath
W514I,0.9952,LPath
W514K,0.9997,LPath
W514L,0.9385,LPath
W514M,0.9782,LPath
W514N,0.9983,LPath
W514P,0.9996,LPath
W514Q,0.999,LPath
W514R,0.9993,LPath
W514S,0.9849,LPath
W514T,0.9978,LPath
W514V,0.9922,LPath
W514Y,0.8954,LPath
K515A,0.9932,LPath
K515C,0.9964,LPath
K515D,0.9956,LPath
K515E,0.9934,LPath
K515F,0.9991,LPath
K515G,0.9832,LPath
K515H,0.9587,LPath
K515I,0.997,LPath
K515L,0.9897,LPath
K515M,0.9897,LPath
K515N,0.9945,LPath
K515P,0.9877,LPath
K515Q,0.9549,LPath
K515R,0.2195,LBen
K515S,0.9954,LPath
K515T,0.9884,LPath
K515V,0.9931,LPath
K515W,0.9973,LPath
K515Y,0.994,LPath
A516C,0.5681,LPath
A516D,0.8647,LPath
A516E,0.8652,LPath
A516F,0.6797,LPath
A516G,0.1287,LBen
A516H,0.7208,LPath
A516I,0.5349,Amb
A516K,0.9475,LPath
A516L,0.3187,LBen
A516M,0.322,LBen
A516N,0.1907,LBen
A516P,0.7136,LPath
A516Q,0.5461,Amb
A516R,0.9322,LPath
A516S,0.0935,LBen
A516T,0.1298,LBen
A516V,0.287,LBen
A516W,0.948,LPath
A516Y,0.799,LPath
Q517A,0.5416,Amb
Q517C,0.9088,LPath
Q517D,0.9725,LPath
Q517E,0.3819,Amb
Q517F,0.9737,LPath
Q517G,0.736,LPath
Q517H,0.8139,LPath
Q517I,0.8872,LPath
Q517K,0.6184,LPath
Q517L,0.6436,LPath
Q517M,0.726,LPath
Q517N,0.756,LPath
Q517P,0.8829,LPath
Q517R,0.6021,LPath
Q517S,0.6773,LPath
Q517T,0.6851,LPath
Q517V,0.6802,LPath
Q517W,0.982,LPath
Q517Y,0.9623,LPath
N518A,0.1319,LBen
N518C,0.2211,LBen
N518D,0.21,LBen
N518E,0.4423,Amb
N518F,0.5818,LPath
N518G,0.1335,LBen
N518H,0.1314,LBen
N518I,0.2793,LBen
N518K,0.391,Amb
N518L,0.2213,LBen
N518M,0.2897,LBen
N518P,0.201,LBen
N518Q,0.262,LBen
N518R,0.4515,Amb
N518S,0.0672,LBen
N518T,0.0948,LBen
N518V,0.2224,LBen
N518W,0.7914,LPath
N518Y,0.2629,LBen
T519A,0.1671,LBen
T519C,0.415,Amb
T519D,0.5607,Amb
T519E,0.7669,LPath
T519F,0.6071,LPath
T519G,0.2106,LBen
T519H,0.3468,Amb
T519I,0.7088,LPath
T519K,0.6985,LPath
T519L,0.3391,LBen
T519M,0.28,LBen
T519N,0.1412,LBen
T519P,0.6814,LPath
T519Q,0.4721,Amb
T519R,0.6004,LPath
T519S,0.0637,LBen
T519V,0.5106,Amb
T519W,0.8286,LPath
T519Y,0.5751,LPath
W520A,0.9991,LPath
W520C,0.9998,LPath
W520D,0.9999,LPath
W520E,0.9999,LPath
W520F,0.7264,LPath
W520G,0.9962,LPath
W520H,0.9996,LPath
W520I,0.9986,LPath
W520K,1.0,LPath
W520L,0.9962,LPath
W520M,0.999,LPath
W520N,0.9999,LPath
W520P,0.9995,LPath
W520Q,1.0,LPath
W520R,0.9999,LPath
W520S,0.9994,LPath
W520T,0.9996,LPath
W520V,0.9984,LPath
W520Y,0.9845,LPath
G521A,0.815,LPath
G521C,0.9639,LPath
G521D,0.9885,LPath
G521E,0.9904,LPath
G521F,0.9924,LPath
G521H,0.9951,LPath
G521I,0.9866,LPath
G521K,0.9969,LPath
G521L,0.9864,LPath
G521M,0.9935,LPath
G521N,0.9813,LPath
G521P,0.9958,LPath
G521Q,0.9884,LPath
G521R,0.9919,LPath
G521S,0.8197,LPath
G521T,0.9616,LPath
G521V,0.969,LPath
G521W,0.9955,LPath
G521Y,0.9921,LPath
C522A,0.1474,LBen
C522D,0.4895,Amb
C522E,0.5774,LPath
C522F,0.1449,LBen
C522G,0.0929,LBen
C522H,0.2829,LBen
C522I,0.2753,LBen
C522K,0.518,Amb
C522L,0.2948,LBen
C522M,0.3422,Amb
C522N,0.2264,LBen
C522P,0.5761,LPath
C522Q,0.3163,LBen
C522R,0.2722,LBen
C522S,0.0914,LBen
C522T,0.1162,LBen
C522V,0.1951,LBen
C522W,0.3564,Amb
C522Y,0.2278,LBen
G523A,0.6896,LPath
G523C,0.8775,LPath
G523D,0.9535,LPath
G523E,0.9722,LPath
G523F,0.9902,LPath
G523H,0.9797,LPath
G523I,0.9852,LPath
G523K,0.9896,LPath
G523L,0.9796,LPath
G523M,0.9894,LPath
G523N,0.9371,LPath
G523P,0.9937,LPath
G523Q,0.9594,LPath
G523R,0.9664,LPath
G523S,0.4989,Amb
G523T,0.8965,LPath
G523V,0.9661,LPath
G523W,0.9854,LPath
G523Y,0.9887,LPath
N524A,0.217,LBen
N524C,0.3227,LBen
N524D,0.1088,LBen
N524E,0.3603,Amb
N524F,0.6536,LPath
N524G,0.2247,LBen
N524H,0.1437,LBen
N524I,0.3658,Amb
N524K,0.4719,Amb
N524L,0.3163,LBen
N524M,0.4537,Amb
N524P,0.3598,Amb
N524Q,0.337,LBen
N524R,0.487,Amb
N524S,0.0773,LBen
N524T,0.1487,LBen
N524V,0.3085,LBen
N524W,0.8303,LPath
N524Y,0.2874,LBen
S525A,0.1843,LBen
S525C,0.2499,LBen
S525D,0.8522,LPath
S525E,0.8768,LPath
S525F,0.6394,LPath
S525G,0.3425,Amb
S525H,0.696,LPath
S525I,0.4967,Amb
S525K,0.9772,LPath
S525L,0.3252,LBen
S525M,0.4267,Amb
S525N,0.415,Amb
S525P,0.9577,LPath
S525Q,0.7861,LPath
S525R,0.9604,LPath
S525T,0.176,LBen
S525V,0.399,Amb
S525W,0.7991,LPath
S525Y,0.5993,LPath
L526A,0.8511,LPath
L526C,0.8419,LPath
L526D,0.9953,LPath
L526E,0.9612,LPath
L526F,0.4239,Amb
L526G,0.9714,LPath
L526H,0.8592,LPath
L526I,0.1545,LBen
L526K,0.9042,LPath
L526M,0.2276,LBen
L526N,0.945,LPath
L526P,0.9892,LPath
L526Q,0.7177,LPath
L526R,0.8262,LPath
L526S,0.9203,LPath
L526T,0.7942,LPath
L526V,0.174,LBen
L526W,0.8263,LPath
L526Y,0.8457,LPath
R527A,0.9631,LPath
R527C,0.7211,LPath
R527D,0.9854,LPath
R527E,0.9106,LPath
R527F,0.9669,LPath
R527G,0.9467,LPath
R527H,0.4884,Amb
R527I,0.8876,LPath
R527K,0.4895,Amb
R527L,0.8393,LPath
R527M,0.9389,LPath
R527N,0.9761,LPath
R527P,0.9937,LPath
R527Q,0.4532,Amb
R527S,0.9656,LPath
R527T,0.919,LPath
R527V,0.8852,LPath
R527W,0.7798,LPath
R527Y,0.9142,LPath
T528A,0.921,LPath
T528C,0.9687,LPath
T528D,0.9982,LPath
T528E,0.9985,LPath
T528F,0.995,LPath
T528G,0.9822,LPath
T528H,0.9956,LPath
T528I,0.9671,LPath
T528K,0.999,LPath
T528L,0.9396,LPath
T528M,0.9136,LPath
T528N,0.9878,LPath
T528P,0.9946,LPath
T528Q,0.997,LPath
T528R,0.9988,LPath
T528S,0.881,LPath
T528V,0.8068,LPath
T528W,0.9987,LPath
T528Y,0.9971,LPath
A529C,0.6567,LPath
A529D,0.9901,LPath
A529E,0.97,LPath
A529F,0.8336,LPath
A529G,0.6273,LPath
A529H,0.9352,LPath
A529I,0.7348,LPath
A529K,0.9906,LPath
A529L,0.6207,LPath
A529M,0.6372,LPath
A529N,0.9121,LPath
A529P,0.9979,LPath
A529Q,0.8798,LPath
A529R,0.9653,LPath
A529S,0.2587,LBen
A529T,0.3915,Amb
A529V,0.4898,Amb
A529W,0.9783,LPath
A529Y,0.9195,LPath
L530A,0.9916,LPath
L530C,0.9941,LPath
L530D,1.0,LPath
L530E,0.9998,LPath
L530F,0.9896,LPath
L530G,0.9995,LPath
L530H,0.9998,LPath
L530I,0.5816,LPath
L530K,0.9997,LPath
L530M,0.8859,LPath
L530N,0.9999,LPath
L530P,0.9998,LPath
L530Q,0.9996,LPath
L530R,0.9992,LPath
L530S,0.9998,LPath
L530T,0.9983,LPath
L530V,0.5506,Amb
L530W,0.9996,LPath
L530Y,0.9995,LPath
I531A,0.9324,LPath
I531C,0.8983,LPath
I531D,0.9976,LPath
I531E,0.9853,LPath
I531F,0.4882,Amb
I531G,0.9821,LPath
I531H,0.9612,LPath
I531K,0.9639,LPath
I531L,0.1618,LBen
I531M,0.2631,LBen
I531N,0.9545,LPath
I531P,0.9971,LPath
I531Q,0.941,LPath
I531R,0.9325,LPath
I531S,0.9355,LPath
I531T,0.8249,LPath
I531V,0.1657,LBen
I531W,0.9368,LPath
I531Y,0.8751,LPath
N532A,0.6215,LPath
N532C,0.538,Amb
N532D,0.4814,Amb
N532E,0.9755,LPath
N532F,0.9858,LPath
N532G,0.5075,Amb
N532H,0.5606,Amb
N532I,0.9464,LPath
N532K,0.977,LPath
N532L,0.8269,LPath
N532M,0.9032,LPath
N532P,0.9539,LPath
N532Q,0.9298,LPath
N532R,0.961,LPath
N532S,0.0682,LBen
N532T,0.2074,LBen
N532V,0.901,LPath
N532W,0.9923,LPath
N532Y,0.8896,LPath
S533A,0.0838,LBen
S533C,0.2299,LBen
S533D,0.925,LPath
S533E,0.9379,LPath
S533F,0.6677,LPath
S533G,0.1188,LBen
S533H,0.753,LPath
S533I,0.4908,Amb
S533K,0.9805,LPath
S533L,0.2921,LBen
S533M,0.3627,Amb
S533N,0.3356,LBen
S533P,0.4016,Amb
S533Q,0.7791,LPath
S533R,0.9744,LPath
S533T,0.154,LBen
S533V,0.3624,Amb
S533W,0.8462,LPath
S533Y,0.6867,LPath
T534A,0.0702,LBen
T534C,0.2891,LBen
T534D,0.4568,Amb
T534E,0.529,Amb
T534F,0.3522,Amb
T534G,0.1301,LBen
T534H,0.2405,LBen
T534I,0.3784,Amb
T534K,0.4928,Amb
T534L,0.1305,LBen
T534M,0.113,LBen
T534N,0.0891,LBen
T534P,0.5703,LPath
T534Q,0.2507,LBen
T534R,0.4145,Amb
T534S,0.0614,LBen
T534V,0.238,LBen
T534W,0.6782,LPath
T534Y,0.3917,Amb
G535A,0.7454,LPath
G535C,0.8849,LPath
G535D,0.9479,LPath
G535E,0.963,LPath
G535F,0.9902,LPath
G535H,0.9613,LPath
G535I,0.9937,LPath
G535K,0.9781,LPath
G535L,0.9584,LPath
G535M,0.9678,LPath
G535N,0.7668,LPath
G535P,0.9989,LPath
G535Q,0.8918,LPath
G535R,0.9549,LPath
G535S,0.5095,Amb
G535T,0.8808,LPath
G535V,0.9789,LPath
G535W,0.9849,LPath
G535Y,0.9813,LPath
E536A,0.8622,LPath
E536C,0.9892,LPath
E536D,0.6265,LPath
E536F,0.9937,LPath
E536G,0.8877,LPath
E536H,0.9697,LPath
E536I,0.9475,LPath
E536K,0.8562,LPath
E536L,0.9664,LPath
E536M,0.9544,LPath
E536N,0.9156,LPath
E536P,0.9967,LPath
E536Q,0.5512,Amb
E536R,0.8637,LPath
E536S,0.9064,LPath
E536T,0.903,LPath
E536V,0.8633,LPath
E536W,0.997,LPath
E536Y,0.9873,LPath
E537A,0.95,LPath
E537C,0.9964,LPath
E537D,0.9622,LPath
E537F,0.999,LPath
E537G,0.981,LPath
E537H,0.9989,LPath
E537I,0.9739,LPath
E537K,0.9915,LPath
E537L,0.9924,LPath
E537M,0.989,LPath
E537N,0.9963,LPath
E537P,0.993,LPath
E537Q,0.9635,LPath
E537R,0.9899,LPath
E537S,0.9916,LPath
E537T,0.9784,LPath
E537V,0.8915,LPath
E537W,0.9996,LPath
E537Y,0.9984,LPath
V538A,0.8975,LPath
V538C,0.9699,LPath
V538D,0.9889,LPath
V538E,0.9234,LPath
V538F,0.8092,LPath
V538G,0.9066,LPath
V538H,0.9897,LPath
V538I,0.2912,LBen
V538K,0.958,LPath
V538L,0.8927,LPath
V538M,0.464,Amb
V538N,0.9722,LPath
V538P,0.9987,LPath
V538Q,0.8941,LPath
V538R,0.9475,LPath
V538S,0.9455,LPath
V538T,0.7896,LPath
V538W,0.9933,LPath
V538Y,0.9669,LPath
A539C,0.9883,LPath
A539D,0.999,LPath
A539E,0.9991,LPath
A539F,0.9956,LPath
A539G,0.8793,LPath
A539H,0.9991,LPath
A539I,0.9993,LPath
A539K,0.9998,LPath
A539L,0.9891,LPath
A539M,0.9978,LPath
A539N,0.9988,LPath
A539P,0.9992,LPath
A539Q,0.9965,LPath
A539R,0.9968,LPath
A539S,0.8324,LPath
A539T,0.996,LPath
A539V,0.9971,LPath
A539W,0.9994,LPath
A539Y,0.998,LPath
M540A,0.9299,LPath
M540C,0.9196,LPath
M540D,0.9941,LPath
M540E,0.9478,LPath
M540F,0.7109,LPath
M540G,0.9734,LPath
M540H,0.9627,LPath
M540I,0.9537,LPath
M540K,0.9475,LPath
M540L,0.6148,LPath
M540N,0.9674,LPath
M540P,0.9991,LPath
M540Q,0.7978,LPath
M540R,0.936,LPath
M540S,0.8509,LPath
M540T,0.8343,LPath
M540V,0.3872,Amb
M540W,0.9341,LPath
M540Y,0.9276,LPath
R541A,0.9901,LPath
R541C,0.8616,LPath
R541D,0.9981,LPath
R541E,0.9723,LPath
R541F,0.9879,LPath
R541G,0.9811,LPath
R541H,0.8305,LPath
R541I,0.9769,LPath
R541K,0.7119,LPath
R541L,0.9313,LPath
R541M,0.981,LPath
R541N,0.9952,LPath
R541P,0.9993,LPath
R541Q,0.77,LPath
R541S,0.9949,LPath
R541T,0.9877,LPath
R541V,0.9631,LPath
R541W,0.911,LPath
R541Y,0.9584,LPath
K542A,0.9843,LPath
K542C,0.9481,LPath
K542D,0.9937,LPath
K542E,0.9845,LPath
K542F,0.9928,LPath
K542G,0.9862,LPath
K542H,0.8287,LPath
K542I,0.9677,LPath
K542L,0.9545,LPath
K542M,0.9241,LPath
K542N,0.9884,LPath
K542P,0.9969,LPath
K542Q,0.8813,LPath
K542R,0.3657,Amb
K542S,0.9863,LPath
K542T,0.9051,LPath
K542V,0.9346,LPath
K542W,0.9874,LPath
K542Y,0.9558,LPath
L543A,0.8116,LPath
L543C,0.8746,LPath
L543D,0.9906,LPath
L543E,0.9053,LPath
L543F,0.6389,LPath
L543G,0.9676,LPath
L543H,0.8388,LPath
L543I,0.195,LBen
L543K,0.7753,LPath
L543M,0.221,LBen
L543N,0.9354,LPath
L543P,0.996,LPath
L543Q,0.6796,LPath
L543R,0.6827,LPath
L543S,0.9461,LPath
L543T,0.7689,LPath
L543V,0.1622,LBen
L543W,0.7953,LPath
L543Y,0.8321,LPath
V544A,0.8651,LPath
V544C,0.9252,LPath
V544D,0.958,LPath
V544E,0.8348,LPath
V544F,0.6499,LPath
V544G,0.8582,LPath
V544H,0.9338,LPath
V544I,0.1658,LBen
V544K,0.9067,LPath
V544L,0.6804,LPath
V544M,0.6462,LPath
V544N,0.9033,LPath
V544P,0.9914,LPath
V544Q,0.7314,LPath
V544R,0.8494,LPath
V544S,0.8338,LPath
V544T,0.7185,LPath
V544W,0.9771,LPath
V544Y,0.9159,LPath
R545A,0.8593,LPath
R545C,0.3747,Amb
R545D,0.9543,LPath
R545E,0.7632,LPath
R545F,0.8913,LPath
R545G,0.7844,LPath
R545H,0.2167,LBen
R545I,0.8519,LPath
R545K,0.2415,LBen
R545L,0.6599,LPath
R545M,0.8386,LPath
R545N,0.9206,LPath
R545P,0.954,LPath
R545Q,0.2174,LBen
R545S,0.8818,LPath
R545T,0.8139,LPath
R545V,0.825,LPath
R545W,0.5853,LPath
R545Y,0.7271,LPath
S546A,0.1382,LBen
S546C,0.199,LBen
S546D,0.7563,LPath
S546E,0.7887,LPath
S546F,0.5623,Amb
S546G,0.2001,LBen
S546H,0.549,Amb
S546I,0.4569,Amb
S546K,0.9018,LPath
S546L,0.2821,LBen
S546M,0.2909,LBen
S546N,0.266,LBen
S546P,0.8936,LPath
S546Q,0.6535,LPath
S546R,0.8616,LPath
S546T,0.076,LBen
S546V,0.3486,Amb
S546W,0.6503,LPath
S546Y,0.4732,Amb
V547A,0.2916,LBen
V547C,0.6776,LPath
V547D,0.5243,Amb
V547E,0.3907,Amb
V547F,0.2132,LBen
V547G,0.3589,Amb
V547H,0.586,LPath
V547I,0.0796,LBen
V547K,0.555,Amb
V547L,0.1906,LBen
V547M,0.1429,LBen
V547N,0.3373,LBen
V547P,0.7639,LPath
V547Q,0.3353,LBen
V547R,0.509,Amb
V547S,0.2938,LBen
V547T,0.2521,LBen
V547W,0.8221,LPath
V547Y,0.5922,LPath
T548A,0.0882,LBen
T548C,0.3466,Amb
T548D,0.4757,Amb
T548E,0.4086,Amb
T548F,0.3355,LBen
T548G,0.2386,LBen
T548H,0.2727,LBen
T548I,0.204,LBen
T548K,0.3876,Amb
T548L,0.1368,LBen
T548M,0.099,LBen
T548N,0.1374,LBen
T548P,0.1766,LBen
T548Q,0.2626,LBen
T548R,0.3303,LBen
T548S,0.11,LBen
T548V,0.1397,LBen
T548W,0.6413,LPath
T548Y,0.3922,Amb
V549A,0.1135,LBen
V549C,0.5223,Amb
V549D,0.2208,LBen
V549E,0.1785,LBen
V549F,0.141,LBen
V549G,0.1318,LBen
V549H,0.3233,LBen
V549I,0.0752,LBen
V549K,0.2861,LBen
V549L,0.1147,LBen
V549M,0.0908,LBen
V549N,0.1622,LBen
V549P,0.3005,LBen
V549Q,0.1811,LBen
V549R,0.256,LBen
V549S,0.129,LBen
V549T,0.1132,LBen
V549W,0.5963,LPath
V549Y,0.3889,Amb
V550A,0.0832,LBen
V550C,0.3675,Amb
V550D,0.1284,LBen
V550E,0.144,LBen
V550F,0.1131,LBen
V550G,0.087,LBen
V550H,0.2363,LBen
V550I,0.0729,LBen
V550K,0.257,LBen
V550L,0.0958,LBen
V550M,0.0878,LBen
V550N,0.0757,LBen
V550P,0.1642,LBen
V550Q,0.1515,LBen
V550R,0.2294,LBen
V550S,0.0815,LBen
V550T,0.0848,LBen
V550W,0.5013,Amb
V550Y,0.3024,LBen
E551A,0.1817,LBen
E551C,0.7131,LPath
E551D,0.0641,LBen
E551F,0.7217,LPath
E551G,0.1488,LBen
E551H,0.4162,Amb
E551I,0.4908,Amb
E551K,0.2884,LBen
E551L,0.428,Amb
E551M,0.5559,Amb
E551N,0.1988,LBen
E551P,0.4389,Amb
E551Q,0.1806,LBen
E551R,0.343,Amb
E551S,0.1733,LBen
E551T,0.2382,LBen
E551V,0.2968,LBen
E551W,0.8569,LPath
E551Y,0.5747,LPath
D552A,0.1659,LBen
D552C,0.4946,Amb
D552E,0.0789,LBen
D552F,0.533,Amb
D552G,0.1221,LBen
D552H,0.3265,LBen
D552I,0.3538,Amb
D552K,0.3766,Amb
D552L,0.3413,Amb
D552M,0.4579,Amb
D552N,0.1129,LBen
D552P,0.5275,Amb
D552Q,0.2602,LBen
D552R,0.3937,Amb
D552S,0.1369,LBen
D552T,0.194,LBen
D552V,0.2094,LBen
D552W,0.7699,LPath
D552Y,0.2695,LBen
D553A,0.1759,LBen
D553C,0.4385,Amb
D553E,0.0855,LBen
D553F,0.4641,Amb
D553G,0.1339,LBen
D553H,0.2962,LBen
D553I,0.313,LBen
D553K,0.3881,Amb
D553L,0.3115,LBen
D553M,0.4401,Amb
D553N,0.1204,LBen
D553P,0.5579,Amb
D553Q,0.2511,LBen
D553R,0.3611,Amb
D553S,0.1284,LBen
D553T,0.1983,LBen
D553V,0.2035,LBen
D553W,0.7536,LPath
D553Y,0.2545,LBen
E554A,0.1672,LBen
E554C,0.5926,LPath
E554D,0.0604,LBen
E554F,0.5632,Amb
E554G,0.1262,LBen
E554H,0.3349,LBen
E554I,0.3259,LBen
E554K,0.2202,LBen
E554L,0.3069,LBen
E554M,0.3994,Amb
E554N,0.1711,LBen
E554P,0.4759,Amb
E554Q,0.1639,LBen
E554R,0.2831,LBen
E554S,0.1526,LBen
E554T,0.193,LBen
E554V,0.2189,LBen
E554W,0.7499,LPath
E554Y,0.4276,Amb
D555A,0.1641,LBen
D555C,0.4401,Amb
D555E,0.0787,LBen
D555F,0.3978,Amb
D555G,0.1368,LBen
D555H,0.3264,LBen
D555I,0.2768,LBen
D555K,0.3738,Amb
D555L,0.2562,LBen
D555M,0.3654,Amb
D555N,0.1219,LBen
D555P,0.536,Amb
D555Q,0.2572,LBen
D555R,0.3891,Amb
D555S,0.148,LBen
D555T,0.2,LBen
D555V,0.1721,LBen
D555W,0.6941,LPath
D555Y,0.207,LBen
E556A,0.1837,LBen
E556C,0.5836,LPath
E556D,0.0615,LBen
E556F,0.5469,Amb
E556G,0.1373,LBen
E556H,0.3631,Amb
E556I,0.3355,LBen
E556K,0.257,LBen
E556L,0.3223,LBen
E556M,0.405,Amb
E556N,0.1862,LBen
E556P,0.4957,Amb
E556Q,0.1836,LBen
E556R,0.3088,LBen
E556S,0.1657,LBen
E556T,0.2087,LBen
E556V,0.2264,LBen
E556W,0.7425,LPath
E556Y,0.41,Amb
D557A,0.153,LBen
D557C,0.3845,Amb
D557E,0.0761,LBen
D557F,0.3439,Amb
D557G,0.1409,LBen
D557H,0.3014,LBen
D557I,0.2496,LBen
D557K,0.3939,Amb
D557L,0.2573,LBen
D557M,0.363,Amb
D557N,0.1215,LBen
D557P,0.4856,Amb
D557Q,0.2571,LBen
D557R,0.3941,Amb
D557S,0.1376,LBen
D557T,0.1843,LBen
D557V,0.1665,LBen
D557W,0.6669,LPath
D557Y,0.1883,LBen
G558A,0.0871,LBen
G558C,0.1099,LBen
G558D,0.0998,LBen
G558E,0.1069,LBen
G558F,0.2831,LBen
G558H,0.2037,LBen
G558I,0.156,LBen
G558K,0.3113,LBen
G558L,0.1876,LBen
G558M,0.227,LBen
G558N,0.1245,LBen
G558P,0.3261,LBen
G558Q,0.1848,LBen
G558R,0.2315,LBen
G558S,0.0711,LBen
G558T,0.0861,LBen
G558V,0.104,LBen
G558W,0.2322,LBen
G558Y,0.2079,LBen
D559A,0.163,LBen
D559C,0.3551,Amb
D559E,0.0654,LBen
D559F,0.4251,Amb
D559G,0.1312,LBen
D559H,0.2657,LBen
D559I,0.3034,LBen
D559K,0.3116,LBen
D559L,0.2708,LBen
D559M,0.3908,Amb
D559N,0.1177,LBen
D559P,0.3933,Amb
D559Q,0.1979,LBen
D559R,0.318,LBen
D559S,0.1188,LBen
D559T,0.1959,LBen
D559V,0.2017,LBen
D559W,0.685,LPath
D559Y,0.2403,LBen
D560A,0.1572,LBen
D560C,0.3585,Amb
D560E,0.0825,LBen
D560F,0.3678,Amb
D560G,0.1354,LBen
D560H,0.2301,LBen
D560I,0.2382,LBen
D560K,0.367,Amb
D560L,0.2383,LBen
D560M,0.3433,Amb
D560N,0.1084,LBen
D560P,0.3787,Amb
D560Q,0.2117,LBen
D560R,0.3484,Amb
D560S,0.114,LBen
D560T,0.177,LBen
D560V,0.1561,LBen
D560W,0.7117,LPath
D560Y,0.2077,LBen
L561A,0.0905,LBen
L561C,0.2046,LBen
L561D,0.2151,LBen
L561E,0.1704,LBen
L561F,0.0726,LBen
L561G,0.1405,LBen
L561H,0.104,LBen
L561I,0.0693,LBen
L561K,0.2079,LBen
L561M,0.07,LBen
L561N,0.118,LBen
L561P,0.1035,LBen
L561Q,0.0893,LBen
L561R,0.1633,LBen
L561S,0.0945,LBen
L561T,0.0941,LBen
L561V,0.0625,LBen
L561W,0.1682,LBen
L561Y,0.1561,LBen
L562A,0.1122,LBen
L562C,0.2258,LBen
L562D,0.3081,LBen
L562E,0.2149,LBen
L562F,0.0815,LBen
L562G,0.1758,LBen
L562H,0.0995,LBen
L562I,0.0805,LBen
L562K,0.2434,LBen
L562M,0.0887,LBen
L562N,0.1459,LBen
L562P,0.0924,LBen
L562Q,0.0835,LBen
L562R,0.1724,LBen
L562S,0.1183,LBen
L562T,0.1248,LBen
L562V,0.0751,LBen
L562W,0.1687,LBen
L562Y,0.1775,LBen
H563A,0.2233,LBen
H563C,0.1771,LBen
H563D,0.2714,LBen
H563E,0.2862,LBen
H563F,0.2823,LBen
H563G,0.1917,LBen
H563I,0.3424,Amb
H563K,0.373,Amb
H563L,0.1344,LBen
H563M,0.418,Amb
H563N,0.1262,LBen
H563P,0.0886,LBen
H563Q,0.164,LBen
H563R,0.1792,LBen
H563S,0.182,LBen
H563T,0.2557,LBen
H563V,0.2487,LBen
H563W,0.4132,Amb
H563Y,0.1442,LBen
H564A,0.2782,LBen
H564C,0.1934,LBen
H564D,0.3011,LBen
H564E,0.3356,LBen
H564F,0.3639,Amb
H564G,0.2137,LBen
H564I,0.4153,Amb
H564K,0.4073,Amb
H564L,0.1699,LBen
H564M,0.4804,Amb
H564N,0.1549,LBen
H564P,0.1203,LBen
H564Q,0.194,LBen
H564R,0.1969,LBen
H564S,0.2034,LBen
H564T,0.2909,LBen
H564V,0.3074,LBen
H564W,0.5071,Amb
H564Y,0.1821,LBen
H565A,0.2636,LBen
H565C,0.1688,LBen
H565D,0.3238,LBen
H565E,0.3542,Amb
H565F,0.3314,LBen
H565G,0.2083,LBen
H565I,0.3435,Amb
H565K,0.3919,Amb
H565L,0.1561,LBen
H565M,0.4396,Amb
H565N,0.1454,LBen
H565P,0.1228,LBen
H565Q,0.1715,LBen
H565R,0.1854,LBen
H565S,0.1899,LBen
H565T,0.2581,LBen
H565V,0.2627,LBen
H565W,0.4597,Amb
H565Y,0.1668,LBen
H566A,0.2138,LBen
H566C,0.1769,LBen
H566D,0.3011,LBen
H566E,0.3212,LBen
H566F,0.302,LBen
H566G,0.175,LBen
H566I,0.3638,Amb
H566K,0.3536,Amb
H566L,0.1532,LBen
H566M,0.4054,Amb
H566N,0.1332,LBen
H566P,0.1117,LBen
H566Q,0.1584,LBen
H566R,0.1642,LBen
H566S,0.1687,LBen
H566T,0.228,LBen
H566V,0.2622,LBen
H566W,0.4314,Amb
H566Y,0.163,LBen
G567A,0.0902,LBen
G567C,0.108,LBen
G567D,0.3248,LBen
G567E,0.3514,Amb
G567F,0.3219,LBen
G567H,0.2304,LBen
G567I,0.1786,LBen
G567K,0.6342,LPath
G567L,0.2259,LBen
G567M,0.2926,LBen
G567N,0.2022,LBen
G567P,0.3141,LBen
G567Q,0.3078,LBen
G567R,0.4622,Amb
G567S,0.08,LBen
G567T,0.1019,LBen
G567V,0.1082,LBen
G567W,0.3527,Amb
G567Y,0.2872,LBen
S568A,0.0672,LBen
S568C,0.0871,LBen
S568D,0.4685,Amb
S568E,0.5795,LPath
S568F,0.2002,LBen
S568G,0.0635,LBen
S568H,0.2729,LBen
S568I,0.1963,LBen
S568K,0.7538,LPath
S568L,0.1201,LBen
S568M,0.2013,LBen
S568N,0.1329,LBen
S568P,0.1074,LBen
S568Q,0.4011,Amb
S568R,0.6998,LPath
S568T,0.0793,LBen
S568V,0.1474,LBen
S568W,0.3906,Amb
S568Y,0.2499,LBen
H569A,0.115,LBen
H569C,0.1208,LBen
H569D,0.2505,LBen
H569E,0.3311,LBen
H569F,0.2289,LBen
H569G,0.1131,LBen
H569I,0.2449,LBen
H569K,0.425,Amb
H569L,0.1093,LBen
H569M,0.3135,LBen
H569N,0.083,LBen
H569P,0.0716,LBen
H569Q,0.1589,LBen
H569R,0.2127,LBen
H569S,0.0839,LBen
H569T,0.1286,LBen
H569V,0.1616,LBen
H569W,0.4165,Amb
H569Y,0.1364,LBen
C570A,0.302,LBen
C570D,0.659,LPath
C570E,0.7889,LPath
C570F,0.247,LBen
C570G,0.1334,LBen
C570H,0.5451,Amb
C570I,0.4758,Amb
C570K,0.886,LPath
C570L,0.3904,Amb
C570M,0.5714,LPath
C570N,0.4647,Amb
C570P,0.5394,Amb
C570Q,0.6309,LPath
C570R,0.6831,LPath
C570S,0.2129,LBen
C570T,0.3414,Amb
C570V,0.3434,Amb
C570W,0.6179,LPath
C570Y,0.3869,Amb
S571A,0.0775,LBen
S571C,0.0931,LBen
S571D,0.5669,LPath
S571E,0.7064,LPath
S571F,0.2563,LBen
S571G,0.0652,LBen
S571H,0.3415,Amb
S571I,0.2489,LBen
S571K,0.8477,LPath
S571L,0.1459,LBen
S571M,0.2494,LBen
S571N,0.1624,LBen
S571P,0.1205,LBen
S571Q,0.5211,Amb
S571R,0.7955,LPath
S571T,0.0768,LBen
S571V,0.1835,LBen
S571W,0.4874,Amb
S571Y,0.3106,LBen
S572A,0.0704,LBen
S572C,0.0998,LBen
S572D,0.5824,LPath
S572E,0.7023,LPath
S572F,0.2636,LBen
S572G,0.059,LBen
S572H,0.3902,Amb
S572I,0.2475,LBen
S572K,0.8655,LPath
S572L,0.1473,LBen
S572M,0.2535,LBen
S572N,0.1683,LBen
S572P,0.132,LBen
S572Q,0.5346,Amb
S572R,0.82,LPath
S572T,0.0794,LBen
S572V,0.1648,LBen
S572W,0.4985,Amb
S572Y,0.3366,LBen
S573A,0.0863,LBen
S573C,0.117,LBen
S573D,0.6657,LPath
S573E,0.756,LPath
S573F,0.3291,LBen
S573G,0.0851,LBen
S573H,0.5201,Amb
S573I,0.3591,Amb
S573K,0.9149,LPath
S573L,0.1764,LBen
S573M,0.2946,LBen
S573N,0.2666,LBen
S573P,0.1591,LBen
S573Q,0.641,LPath
S573R,0.8795,LPath
S573T,0.0898,LBen
S573V,0.2305,LBen
S573W,0.5131,Amb
S573Y,0.3974,Amb
G574A,0.1342,LBen
G574C,0.2132,LBen
G574D,0.6312,LPath
G574E,0.642,LPath
G574F,0.6972,LPath
G574H,0.6411,LPath
G574I,0.4485,Amb
G574K,0.8745,LPath
G574L,0.4807,Amb
G574M,0.5473,Amb
G574N,0.4187,Amb
G574P,0.615,LPath
G574Q,0.5916,LPath
G574R,0.747,LPath
G574S,0.1139,LBen
G574T,0.185,LBen
G574V,0.249,LBen
G574W,0.6576,LPath
G574Y,0.6724,LPath
D575A,0.7419,LPath
D575C,0.9177,LPath
D575E,0.4853,Amb
D575F,0.9102,LPath
D575G,0.7408,LPath
D575H,0.8638,LPath
D575I,0.8773,LPath
D575K,0.9444,LPath
D575L,0.8306,LPath
D575M,0.9437,LPath
D575N,0.5777,LPath
D575P,0.8667,LPath
D575Q,0.872,LPath
D575R,0.923,LPath
D575S,0.6209,LPath
D575T,0.8466,LPath
D575V,0.7648,LPath
D575W,0.9787,LPath
D575Y,0.7765,LPath
P576A,0.2221,LBen
P576C,0.8166,LPath
P576D,0.7737,LPath
P576E,0.7134,LPath
P576F,0.8821,LPath
P576G,0.4864,Amb
P576H,0.5715,LPath
P576I,0.7814,LPath
P576K,0.8588,LPath
P576L,0.5127,Amb
P576M,0.7351,LPath
P576N,0.6749,LPath
P576Q,0.5387,Amb
P576R,0.6726,LPath
P576S,0.3535,Amb
P576T,0.3358,LBen
P576V,0.5531,Amb
P576W,0.9465,LPath
P576Y,0.8757,LPath
A577C,0.5021,Amb
A577D,0.6927,LPath
A577E,0.6491,LPath
A577F,0.675,LPath
A577G,0.0776,LBen
A577H,0.6725,LPath
A577I,0.6143,LPath
A577K,0.8782,LPath
A577L,0.3476,Amb
A577M,0.4633,Amb
A577N,0.3908,Amb
A577P,0.3301,LBen
A577Q,0.4885,Amb
A577R,0.7907,LPath
A577S,0.0981,LBen
A577T,0.1627,LBen
A577V,0.2822,LBen
A577W,0.9044,LPath
A577Y,0.786,LPath
E578A,0.862,LPath
E578C,0.9872,LPath
E578D,0.5893,LPath
E578F,0.9946,LPath
E578G,0.8173,LPath
E578H,0.9787,LPath
E578I,0.9822,LPath
E578K,0.9667,LPath
E578L,0.9841,LPath
E578M,0.9886,LPath
E578N,0.9487,LPath
E578P,0.9438,LPath
E578Q,0.8337,LPath
E578R,0.9399,LPath
E578S,0.8677,LPath
E578T,0.9482,LPath
E578V,0.9419,LPath
E578W,0.9979,LPath
E578Y,0.9888,LPath
Y579A,0.9965,LPath
Y579C,0.9934,LPath
Y579D,0.989,LPath
Y579E,0.9972,LPath
Y579F,0.8392,LPath
Y579G,0.9521,LPath
Y579H,0.9976,LPath
Y579I,0.9945,LPath
Y579K,0.9984,LPath
Y579L,0.9816,LPath
Y579M,0.9952,LPath
Y579N,0.9769,LPath
Y579P,0.9943,LPath
Y579Q,0.9991,LPath
Y579R,0.9966,LPath
Y579S,0.9886,LPath
Y579T,0.9963,LPath
Y579V,0.9859,LPath
Y579W,0.9715,LPath
N580A,0.9116,LPath
N580C,0.8409,LPath
N580D,0.9017,LPath
N580E,0.984,LPath
N580F,0.9468,LPath
N580G,0.93,LPath
N580H,0.5435,Amb
N580I,0.8957,LPath
N580K,0.9834,LPath
N580L,0.8222,LPath
N580M,0.9422,LPath
N580P,0.9175,LPath
N580Q,0.9281,LPath
N580R,0.9608,LPath
N580S,0.3941,Amb
N580T,0.7856,LPath
N580V,0.8629,LPath
N580W,0.9877,LPath
N580Y,0.7889,LPath
L581A,0.9833,LPath
L581C,0.9945,LPath
L581D,0.999,LPath
L581E,0.9953,LPath
L581F,0.9616,LPath
L581G,0.9901,LPath
L581H,0.9928,LPath
L581I,0.7636,LPath
L581K,0.986,LPath
L581M,0.8104,LPath
L581N,0.9945,LPath
L581P,0.9918,LPath
L581Q,0.9874,LPath
L581R,0.9693,LPath
L581S,0.9962,LPath
L581T,0.9805,LPath
L581V,0.8473,LPath
L581W,0.9876,LPath
L581Y,0.9874,LPath
R582A,0.9924,LPath
R582C,0.98,LPath
R582D,0.9957,LPath
R582E,0.9885,LPath
R582F,0.9955,LPath
R582G,0.9744,LPath
R582H,0.9266,LPath
R582I,0.995,LPath
R582K,0.895,LPath
R582L,0.975,LPath
R582M,0.9979,LPath
R582N,0.9967,LPath
R582P,0.9817,LPath
R582Q,0.9409,LPath
R582S,0.9951,LPath
R582T,0.9959,LPath
R582V,0.9935,LPath
R582W,0.9773,LPath
R582Y,0.9887,LPath
S583A,0.5731,LPath
S583C,0.8008,LPath
S583D,0.9657,LPath
S583E,0.965,LPath
S583F,0.9828,LPath
S583G,0.639,LPath
S583H,0.9211,LPath
S583I,0.9879,LPath
S583K,0.9925,LPath
S583L,0.9439,LPath
S583M,0.9558,LPath
S583N,0.8702,LPath
S583P,0.9321,LPath
S583Q,0.918,LPath
S583R,0.9905,LPath
S583T,0.6642,LPath
S583V,0.9733,LPath
S583W,0.9615,LPath
S583Y,0.9514,LPath
R584A,0.9936,LPath
R584C,0.9807,LPath
R584D,0.9938,LPath
R584E,0.9853,LPath
R584F,0.9979,LPath
R584G,0.9706,LPath
R584H,0.9323,LPath
R584I,0.9973,LPath
R584K,0.8589,LPath
R584L,0.9876,LPath
R584M,0.9979,LPath
R584N,0.9954,LPath
R584P,0.9824,LPath
R584Q,0.935,LPath
R584S,0.995,LPath
R584T,0.9952,LPath
R584V,0.9947,LPath
R584W,0.9861,LPath
R584Y,0.9932,LPath
T585A,0.3059,LBen
T585C,0.8378,LPath
T585D,0.8654,LPath
T585E,0.7999,LPath
T585F,0.8875,LPath
T585G,0.4744,Amb
T585H,0.5818,LPath
T585I,0.8762,LPath
T585K,0.5175,Amb
T585L,0.6418,LPath
T585M,0.4688,Amb
T585N,0.4587,Amb
T585P,0.5951,LPath
T585Q,0.4417,Amb
T585R,0.5009,Amb
T585S,0.2755,LBen
T585V,0.6194,LPath
T585W,0.9464,LPath
T585Y,0.8595,LPath
V586A,0.911,LPath
V586C,0.9754,LPath
V586D,0.9883,LPath
V586E,0.9693,LPath
V586F,0.6998,LPath
V586G,0.9147,LPath
V586H,0.9786,LPath
V586I,0.1512,LBen
V586K,0.9738,LPath
V586L,0.7013,LPath
V586M,0.7338,LPath
V586N,0.9539,LPath
V586P,0.9424,LPath
V586Q,0.9436,LPath
V586R,0.9473,LPath
V586S,0.9295,LPath
V586T,0.893,LPath
V586W,0.9898,LPath
V586Y,0.9559,LPath
L587A,0.3735,Amb
L587C,0.6057,LPath
L587D,0.9004,LPath
L587E,0.7231,LPath
L587F,0.1846,LBen
L587G,0.6764,LPath
L587H,0.4223,Amb
L587I,0.084,LBen
L587K,0.6097,LPath
L587M,0.1412,LBen
L587N,0.561,Amb
L587P,0.6143,LPath
L587Q,0.3141,LBen
L587R,0.4398,Amb
L587S,0.4783,Amb
L587T,0.3174,LBen
L587V,0.0673,LBen
L587W,0.5018,Amb
L587Y,0.5139,Amb
C588A,0.9963,LPath
C588D,0.999,LPath
C588E,0.9997,LPath
C588F,0.9936,LPath
C588G,0.9801,LPath
C588H,0.9979,LPath
C588I,0.9993,LPath
C588K,0.9998,LPath
C588L,0.9931,LPath
C588M,0.9986,LPath
C588N,0.9991,LPath
C588P,0.9981,LPath
C588Q,0.9994,LPath
C588R,0.9983,LPath
C588S,0.9977,LPath
C588T,0.999,LPath
C588V,0.998,LPath
C588W,0.9968,LPath
C588Y,0.9966,LPath
G589A,0.2289,LBen
G589C,0.4596,Amb
G589D,0.672,LPath
G589E,0.7466,LPath
G589F,0.8812,LPath
G589H,0.6763,LPath
G589I,0.7649,LPath
G589K,0.8975,LPath
G589L,0.7434,LPath
G589M,0.8061,LPath
G589N,0.4228,Amb
G589P,0.7034,LPath
G589Q,0.6589,LPath
G589R,0.7828,LPath
G589S,0.1193,LBen
G589T,0.26,LBen
G589V,0.536,Amb
G589W,0.8329,LPath
G589Y,0.8215,LPath
T590A,0.1104,LBen
T590C,0.507,Amb
T590D,0.6003,LPath
T590E,0.6889,LPath
T590F,0.5342,Amb
T590G,0.1664,LBen
T590H,0.3601,Amb
T590I,0.5716,LPath
T590K,0.5896,LPath
T590L,0.2986,LBen
T590M,0.2684,LBen
T590N,0.1611,LBen
T590P,0.1524,LBen
T590Q,0.3895,Amb
T590R,0.5273,Amb
T590S,0.08,LBen
T590V,0.3497,Amb
T590W,0.8132,LPath
T590Y,0.5585,Amb
C591A,0.9917,LPath
C591D,0.9982,LPath
C591E,0.9993,LPath
C591F,0.9907,LPath
C591G,0.9663,LPath
C591H,0.9969,LPath
C591I,0.9987,LPath
C591K,0.9996,LPath
C591L,0.9917,LPath
C591M,0.9967,LPath
C591N,0.9976,LPath
C591P,0.9976,LPath
C591Q,0.999,LPath
C591R,0.9964,LPath
C591S,0.9937,LPath
C591T,0.9971,LPath
C591V,0.9958,LPath
C591W,0.9944,LPath
C591Y,0.9954,LPath
G592A,0.8079,LPath
G592C,0.8987,LPath
G592D,0.9699,LPath
G592E,0.9755,LPath
G592F,0.9817,LPath
G592H,0.9536,LPath
G592I,0.9783,LPath
G592K,0.9808,LPath
G592L,0.9555,LPath
G592M,0.981,LPath
G592N,0.9084,LPath
G592P,0.9793,LPath
G592Q,0.9133,LPath
G592R,0.9339,LPath
G592S,0.567,LPath
G592T,0.9149,LPath
G592V,0.9604,LPath
G592W,0.9717,LPath
G592Y,0.9762,LPath
Q593A,0.2462,LBen
Q593C,0.7425,LPath
Q593D,0.6812,LPath
Q593E,0.1984,LBen
Q593F,0.7299,LPath
Q593G,0.3506,Amb
Q593H,0.2909,LBen
Q593I,0.4277,Amb
Q593K,0.1518,LBen
Q593L,0.1664,LBen
Q593M,0.3747,Amb
Q593N,0.3771,Amb
Q593P,0.3803,Amb
Q593R,0.1725,LBen
Q593S,0.2997,LBen
Q593T,0.2759,LBen
Q593V,0.2584,LBen
Q593W,0.8069,LPath
Q593Y,0.6069,LPath
P594A,0.1194,LBen
P594C,0.7623,LPath
P594D,0.765,LPath
P594E,0.5909,LPath
P594F,0.7837,LPath
P594G,0.3243,LBen
P594H,0.4316,Amb
P594I,0.566,LPath
P594K,0.616,LPath
P594L,0.2963,LBen
P594M,0.5111,Amb
P594N,0.5303,Amb
P594Q,0.2874,LBen
P594R,0.4453,Amb
P594S,0.2336,LBen
P594T,0.1829,LBen
P594V,0.3085,LBen
P594W,0.9021,LPath
P594Y,0.7494,LPath
A595C,0.5932,LPath
A595D,0.6921,LPath
A595E,0.6182,LPath
A595F,0.6362,LPath
A595G,0.1452,LBen
A595H,0.6572,LPath
A595I,0.4887,Amb
A595K,0.7581,LPath
A595L,0.3002,LBen
A595M,0.4308,Amb
A595N,0.4293,Amb
A595P,0.2101,LBen
A595Q,0.4499,Amb
A595R,0.6723,LPath
A595S,0.0982,LBen
A595T,0.1354,LBen
A595V,0.2084,LBen
A595W,0.8945,LPath
A595Y,0.7531,LPath
D596A,0.2934,LBen
D596C,0.7537,LPath
D596E,0.0871,LBen
D596F,0.8326,LPath
D596G,0.2245,LBen
D596H,0.5521,Amb
D596I,0.687,LPath
D596K,0.64,LPath
D596L,0.6249,LPath
D596M,0.7999,LPath
D596N,0.202,LBen
D596P,0.5557,Amb
D596Q,0.3756,Amb
D596R,0.63,LPath
D596S,0.2151,LBen
D596T,0.4197,Amb
D596V,0.4593,Amb
D596W,0.9363,LPath
D596Y,0.5884,LPath
K597A,0.5764,LPath
K597C,0.8694,LPath
K597D,0.7631,LPath
K597E,0.6295,LPath
K597F,0.951,LPath
K597G,0.4895,Amb
K597H,0.48,Amb
K597I,0.8353,LPath
K597L,0.7569,LPath
K597M,0.7521,LPath
K597N,0.7422,LPath
K597P,0.6263,LPath
K597Q,0.3181,LBen
K597R,0.0895,LBen
K597S,0.6712,LPath
K597T,0.4897,Amb
K597V,0.7403,LPath
K597W,0.9285,LPath
K597Y,0.8799,LPath
A598C,0.245,LBen
A598D,0.3192,LBen
A598E,0.3707,Amb
A598F,0.2553,LBen
A598G,0.0617,LBen
A598H,0.2974,LBen
A598I,0.1831,LBen
A598K,0.5152,Amb
A598L,0.1371,LBen
A598M,0.1935,LBen
A598N,0.1294,LBen
A598P,0.0878,LBen
A598Q,0.2466,LBen
A598R,0.4915,Amb
A598S,0.0684,LBen
A598T,0.0687,LBen
A598V,0.0981,LBen
A598W,0.5935,LPath
A598Y,0.3339,LBen
S599A,0.0565,LBen
S599C,0.0979,LBen
S599D,0.41,Amb
S599E,0.4996,Amb
S599F,0.1704,LBen
S599G,0.0525,LBen
S599H,0.2675,LBen
S599I,0.1442,LBen
S599K,0.6274,LPath
S599L,0.1058,LBen
S599M,0.1597,LBen
S599N,0.1104,LBen
S599P,0.0833,LBen
S599Q,0.3291,LBen
S599R,0.5864,LPath
S599T,0.0634,LBen
S599V,0.1018,LBen
S599W,0.3519,Amb
S599Y,0.2371,LBen
A600C,0.151,LBen
A600D,0.3101,LBen
A600E,0.3492,Amb
A600F,0.156,LBen
A600G,0.0585,LBen
A600H,0.2314,LBen
A600I,0.1264,LBen
A600K,0.4695,Amb
A600L,0.0928,LBen
A600M,0.1452,LBen
A600N,0.1248,LBen
A600P,0.0842,LBen
A600Q,0.2081,LBen
A600R,0.4069,Amb
A600S,0.0654,LBen
A600T,0.0657,LBen
A600V,0.0779,LBen
A600W,0.4125,Amb
A600Y,0.2419,LBen
S601A,0.0561,LBen
S601C,0.0749,LBen
S601D,0.3021,LBen
S601E,0.3601,Amb
S601F,0.1533,LBen
S601G,0.0502,LBen
S601H,0.2019,LBen
S601I,0.1184,LBen
S601K,0.4628,Amb
S601L,0.1018,LBen
S601M,0.149,LBen
S601N,0.0999,LBen
S601P,0.0834,LBen
S601Q,0.2341,LBen
S601R,0.4189,Amb
S601T,0.0622,LBen
S601V,0.088,LBen
S601W,0.2764,LBen
S601Y,0.1864,LBen
G602A,0.0678,LBen
G602C,0.0809,LBen
G602D,0.2439,LBen
G602E,0.2843,LBen
G602F,0.2191,LBen
G602H,0.203,LBen
G602I,0.116,LBen
G602K,0.4414,Amb
G602L,0.1409,LBen
G602M,0.1907,LBen
G602N,0.1192,LBen
G602P,0.1676,LBen
G602Q,0.222,LBen
G602R,0.3464,Amb
G602S,0.0632,LBen
G602T,0.0652,LBen
G602V,0.0777,LBen
G602W,0.2575,LBen
G602Y,0.195,LBen
S603A,0.0564,LBen
S603C,0.0756,LBen
S603D,0.2931,LBen
S603E,0.3409,Amb
S603F,0.1257,LBen
S603G,0.055,LBen
S603H,0.1907,LBen
S603I,0.1094,LBen
S603K,0.4444,Amb
S603L,0.086,LBen
S603M,0.1324,LBen
S603N,0.0918,LBen
S603P,0.0713,LBen
S603Q,0.2174,LBen
S603R,0.4007,Amb
S603T,0.061,LBen
S603V,0.0875,LBen
S603W,0.2482,LBen
S603Y,0.1593,LBen
G604A,0.069,LBen
G604C,0.1179,LBen
G604D,0.2792,LBen
G604E,0.2884,LBen
G604F,0.2826,LBen
G604H,0.2602,LBen
G604I,0.1429,LBen
G604K,0.4587,Amb
G604L,0.1625,LBen
G604M,0.2072,LBen
G604N,0.1489,LBen
G604P,0.19,LBen
G604Q,0.2349,LBen
G604R,0.3634,Amb
G604S,0.0703,LBen
G604T,0.0697,LBen
G604V,0.0845,LBen
G604W,0.3231,LBen
G604Y,0.2696,LBen
A605C,0.1425,LBen
A605D,0.2434,LBen
A605E,0.2339,LBen
A605F,0.1344,LBen
A605G,0.0552,LBen
A605H,0.1971,LBen
A605I,0.1044,LBen
A605K,0.3297,LBen
A605L,0.0723,LBen
A605M,0.1091,LBen
A605N,0.1033,LBen
A605P,0.0748,LBen
A605Q,0.1426,LBen
A605R,0.2968,LBen
A605S,0.0593,LBen
A605T,0.0613,LBen
A605V,0.071,LBen
A605W,0.3473,Amb
A605Y,0.2002,LBen
Q606A,0.0501,LBen
Q606C,0.2233,LBen
Q606D,0.1573,LBen
Q606E,0.1095,LBen
Q606F,0.2429,LBen
Q606G,0.0675,LBen
Q606H,0.0917,LBen
Q606I,0.1391,LBen
Q606K,0.1274,LBen
Q606L,0.0717,LBen
Q606M,0.1469,LBen
Q606N,0.0857,LBen
Q606P,0.049,LBen
Q606R,0.1196,LBen
Q606S,0.054,LBen
Q606T,0.0599,LBen
Q606V,0.0813,LBen
Q606W,0.3136,LBen
Q606Y,0.1919,LBen
V607A,0.061,LBen
V607C,0.2804,LBen
V607D,0.2219,LBen
V607E,0.2168,LBen
V607F,0.1039,LBen
V607G,0.0606,LBen
V607H,0.2381,LBen
V607I,0.0824,LBen
V607K,0.2905,LBen
V607L,0.0915,LBen
V607M,0.0977,LBen
V607N,0.104,LBen
V607P,0.1029,LBen
V607Q,0.1509,LBen
V607R,0.2519,LBen
V607S,0.0717,LBen
V607T,0.0772,LBen
V607W,0.4143,Amb
V607Y,0.2535,LBen
G608A,0.0738,LBen
G608C,0.1218,LBen
G608D,0.2791,LBen
G608E,0.2739,LBen
G608F,0.3297,LBen
G608H,0.2954,LBen
G608I,0.166,LBen
G608K,0.4728,Amb
G608L,0.198,LBen
G608M,0.2392,LBen
G608N,0.1671,LBen
G608P,0.2246,LBen
G608Q,0.2543,LBen
G608R,0.3571,Amb
G608S,0.0746,LBen
G608T,0.076,LBen
G608V,0.0997,LBen
G608W,0.3311,LBen
G608Y,0.3007,LBen
G609A,0.0865,LBen
G609C,0.1238,LBen
G609D,0.3142,LBen
G609E,0.2871,LBen
G609F,0.2855,LBen
G609H,0.3103,LBen
G609I,0.1422,LBen
G609K,0.5046,Amb
G609L,0.1762,LBen
G609M,0.218,LBen
G609N,0.1653,LBen
G609P,0.3071,LBen
G609Q,0.2713,LBen
G609R,0.4267,Amb
G609S,0.0762,LBen
G609T,0.0832,LBen
G609V,0.0894,LBen
G609W,0.3473,Amb
G609Y,0.2776,LBen
P610A,0.0454,LBen
P610C,0.1303,LBen
P610D,0.2664,LBen
P610E,0.2402,LBen
P610F,0.183,LBen
P610G,0.0761,LBen
P610H,0.111,LBen
P610I,0.1347,LBen
P610K,0.2753,LBen
P610L,0.0941,LBen
P610M,0.1317,LBen
P610N,0.0925,LBen
P610Q,0.0952,LBen
P610R,0.2086,LBen
P610S,0.051,LBen
P610T,0.0484,LBen
P610V,0.0928,LBen
P610W,0.34,LBen
P610Y,0.1931,LBen
I611A,0.1196,LBen
I611C,0.3727,Amb
I611D,0.5496,Amb
I611E,0.4975,Amb
I611F,0.0835,LBen
I611G,0.2229,LBen
I611H,0.3333,LBen
I611K,0.4803,Amb
I611L,0.0672,LBen
I611M,0.0773,LBen
I611N,0.1947,LBen
I611P,0.2103,LBen
I611Q,0.2751,LBen
I611R,0.359,Amb
I611S,0.1335,LBen
I611T,0.1874,LBen
I611V,0.0545,LBen
I611W,0.5104,Amb
I611Y,0.3229,LBen
S612A,0.0918,LBen
S612C,0.1387,LBen
S612D,0.7615,LPath
S612E,0.8122,LPath
S612F,0.31,LBen
S612G,0.0974,LBen
S612H,0.549,Amb
S612I,0.3628,Amb
S612K,0.9207,LPath
S612L,0.189,LBen
S612M,0.3519,Amb
S612N,0.3222,LBen
S612P,0.1454,LBen
S612Q,0.6642,LPath
S612R,0.8771,LPath
S612T,0.0978,LBen
S612V,0.2362,LBen
S612W,0.5241,Amb
S612Y,0.3767,Amb
S613A,0.0841,LBen
S613C,0.1428,LBen
S613D,0.7438,LPath
S613E,0.7918,LPath
S613F,0.3404,Amb
S613G,0.0833,LBen
S613H,0.5907,LPath
S613I,0.3874,Amb
S613K,0.9082,LPath
S613L,0.192,LBen
S613M,0.3032,LBen
S613N,0.2962,LBen
S613P,0.155,LBen
S613Q,0.664,LPath
S613R,0.8776,LPath
S613T,0.0815,LBen
S613V,0.2379,LBen
S613W,0.539,Amb
S613Y,0.4157,Amb
G614A,0.0924,LBen
G614C,0.1676,LBen
G614D,0.4771,Amb
G614E,0.4856,Amb
G614F,0.5066,Amb
G614H,0.4635,Amb
G614I,0.2801,LBen
G614K,0.7468,LPath
G614L,0.3412,Amb
G614M,0.4001,Amb
G614N,0.274,LBen
G614P,0.4149,Amb
G614Q,0.4215,Amb
G614R,0.5917,LPath
G614S,0.0785,LBen
G614T,0.1034,LBen
G614V,0.151,LBen
G614W,0.5093,Amb
G614Y,0.4595,Amb
S615A,0.1212,LBen
S615C,0.1795,LBen
S615D,0.8018,LPath
S615E,0.8629,LPath
S615F,0.3955,Amb
S615G,0.1142,LBen
S615H,0.6651,LPath
S615I,0.4855,Amb
S615K,0.9505,LPath
S615L,0.2754,LBen
S615M,0.4102,Amb
S615N,0.3651,Amb
S615P,0.2281,LBen
S615Q,0.7646,LPath
S615R,0.9327,LPath
S615T,0.1195,LBen
S615V,0.336,LBen
S615W,0.5949,LPath
S615Y,0.4471,Amb
S616A,0.1046,LBen
S616C,0.1916,LBen
S616D,0.8455,LPath
S616E,0.8831,LPath
S616F,0.423,Amb
S616G,0.1185,LBen
S616H,0.7091,LPath
S616I,0.5162,Amb
S616K,0.9592,LPath
S616L,0.2607,LBen
S616M,0.4081,Amb
S616N,0.4636,Amb
S616P,0.2376,LBen
S616Q,0.794,LPath
S616R,0.94,LPath
S616T,0.1176,LBen
S616V,0.3185,LBen
S616W,0.6167,LPath
S616Y,0.4969,Amb
A617C,0.2906,LBen
A617D,0.5532,Amb
A617E,0.5764,LPath
A617F,0.323,LBen
A617G,0.0899,LBen
A617H,0.4555,Amb
A617I,0.2599,LBen
A617K,0.7314,LPath
A617L,0.1722,LBen
A617M,0.2284,LBen
A617N,0.2387,LBen
A617P,0.1383,LBen
A617Q,0.3992,Amb
A617R,0.6491,LPath
A617S,0.0694,LBen
A617T,0.0718,LBen
A617V,0.1212,LBen
A617W,0.6914,LPath
A617Y,0.4721,Amb
S618A,0.096,LBen
S618C,0.2146,LBen
S618D,0.8389,LPath
S618E,0.8917,LPath
S618F,0.5472,Amb
S618G,0.1122,LBen
S618H,0.7177,LPath
S618I,0.6488,LPath
S618K,0.9593,LPath
S618L,0.3344,LBen
S618M,0.4959,Amb
S618N,0.427,Amb
S618P,0.2129,LBen
S618Q,0.777,LPath
S618R,0.9406,LPath
S618T,0.1341,LBen
S618V,0.4107,Amb
S618W,0.6921,LPath
S618Y,0.5565,Amb
S619A,0.1012,LBen
S619C,0.1765,LBen
S619D,0.8409,LPath
S619E,0.8912,LPath
S619F,0.4983,Amb
S619G,0.123,LBen
S619H,0.6606,LPath
S619I,0.5543,Amb
S619K,0.9571,LPath
S619L,0.2878,LBen
S619M,0.3895,Amb
S619N,0.3675,Amb
S619P,0.2586,LBen
S619Q,0.7641,LPath
S619R,0.9351,LPath
S619T,0.104,LBen
S619V,0.3397,LBen
S619W,0.6399,LPath
S619Y,0.5115,Amb
V620A,0.308,LBen
V620C,0.7361,LPath
V620D,0.83,LPath
V620E,0.7499,LPath
V620F,0.187,LBen
V620G,0.3376,LBen
V620H,0.7762,LPath
V620I,0.0973,LBen
V620K,0.8218,LPath
V620L,0.1538,LBen
V620M,0.1483,LBen
V620N,0.5668,LPath
V620P,0.6423,LPath
V620Q,0.5811,LPath
V620R,0.7247,LPath
V620S,0.387,Amb
V620T,0.377,Amb
V620W,0.7995,LPath
V620Y,0.6439,LPath
T621A,0.1783,LBen
T621C,0.6652,LPath
T621D,0.862,LPath
T621E,0.838,LPath
T621F,0.7232,LPath
T621G,0.3257,LBen
T621H,0.5889,LPath
T621I,0.7343,LPath
T621K,0.7577,LPath
T621L,0.4272,Amb
T621M,0.2989,LBen
T621N,0.3891,Amb
T621P,0.3427,Amb
T621Q,0.5556,Amb
T621R,0.6759,LPath
T621S,0.1966,LBen
T621V,0.4582,Amb
T621W,0.891,LPath
T621Y,0.7823,LPath
V622A,0.5314,Amb
V622C,0.8706,LPath
V622D,0.9443,LPath
V622E,0.8966,LPath
V622F,0.2861,LBen
V622G,0.6251,LPath
V622H,0.9088,LPath
V622I,0.0881,LBen
V622K,0.9188,LPath
V622L,0.2434,LBen
V622M,0.2347,LBen
V622N,0.8096,LPath
V622P,0.8318,LPath
V622Q,0.8138,LPath
V622R,0.8673,LPath
V622S,0.6837,LPath
V622T,0.6365,LPath
V622W,0.9062,LPath
V622Y,0.7854,LPath
T623A,0.2585,LBen
T623C,0.752,LPath
T623D,0.8971,LPath
T623E,0.8778,LPath
T623F,0.8112,LPath
T623G,0.312,LBen
T623H,0.6429,LPath
T623I,0.8695,LPath
T623K,0.806,LPath
T623L,0.5515,Amb
T623M,0.4693,Amb
T623N,0.4569,Amb
T623P,0.3316,LBen
T623Q,0.5853,LPath
T623R,0.744,LPath
T623S,0.1745,LBen
T623V,0.6558,LPath
T623W,0.9216,LPath
T623Y,0.845,LPath
R624A,0.7903,LPath
R624C,0.5996,LPath
R624D,0.9025,LPath
R624E,0.8233,LPath
R624F,0.9311,LPath
R624G,0.4815,Amb
R624H,0.2944,LBen
R624I,0.9231,LPath
R624K,0.3108,LBen
R624L,0.7687,LPath
R624M,0.9096,LPath
R624N,0.8622,LPath
R624P,0.7021,LPath
R624Q,0.3055,LBen
R624S,0.7809,LPath
R624T,0.7763,LPath
R624V,0.8778,LPath
R624W,0.6776,LPath
R624Y,0.8179,LPath
S625A,0.152,LBen
S625C,0.2492,LBen
S625D,0.8019,LPath
S625E,0.8865,LPath
S625F,0.6455,LPath
S625G,0.0783,LBen
S625H,0.638,LPath
S625I,0.6135,LPath
S625K,0.9458,LPath
S625L,0.4457,Amb
S625M,0.506,Amb
S625N,0.2477,LBen
S625P,0.3395,LBen
S625Q,0.7391,LPath
S625R,0.9232,LPath
S625T,0.1045,LBen
S625V,0.4749,Amb
S625W,0.7338,LPath
S625Y,0.5905,LPath
Y626A,0.6705,LPath
Y626C,0.2344,LBen
Y626D,0.8538,LPath
Y626E,0.9347,LPath
Y626F,0.1019,LBen
Y626G,0.545,Amb
Y626H,0.5371,Amb
Y626I,0.6603,LPath
Y626K,0.9326,LPath
Y626L,0.5827,LPath
Y626M,0.7418,LPath
Y626N,0.6147,LPath
Y626P,0.7725,LPath
Y626Q,0.815,LPath
Y626R,0.8113,LPath
Y626S,0.3981,Amb
Y626T,0.6636,LPath
Y626V,0.5107,Amb
Y626W,0.3616,Amb
R627A,0.7109,LPath
R627C,0.4777,Amb
R627D,0.8804,LPath
R627E,0.777,LPath
R627F,0.8345,LPath
R627G,0.4217,Amb
R627H,0.249,LBen
R627I,0.7785,LPath
R627K,0.2836,LBen
R627L,0.638,LPath
R627M,0.8368,LPath
R627N,0.8391,LPath
R627P,0.6607,LPath
R627Q,0.2423,LBen
R627S,0.7301,LPath
R627T,0.6686,LPath
R627V,0.7441,LPath
R627W,0.5731,LPath
R627Y,0.7279,LPath
S628A,0.1106,LBen
S628C,0.2377,LBen
S628D,0.7538,LPath
S628E,0.8393,LPath
S628F,0.4989,Amb
S628G,0.0946,LBen
S628H,0.6039,LPath
S628I,0.5232,Amb
S628K,0.9284,LPath
S628L,0.2973,LBen
S628M,0.3789,Amb
S628N,0.2509,LBen
S628P,0.2108,LBen
S628Q,0.6943,LPath
S628R,0.9082,LPath
S628T,0.0989,LBen
S628V,0.3511,Amb
S628W,0.6501,LPath
S628Y,0.4972,Amb
V629A,0.0853,LBen
V629C,0.4404,Amb
V629D,0.414,Amb
V629E,0.3844,Amb
V629F,0.0989,LBen
V629G,0.0844,LBen
V629H,0.4025,Amb
V629I,0.077,LBen
V629K,0.5048,Amb
V629L,0.1026,LBen
V629M,0.1011,LBen
V629N,0.182,LBen
V629P,0.1721,LBen
V629Q,0.2518,LBen
V629R,0.4079,Amb
V629S,0.0981,LBen
V629T,0.1012,LBen
V629W,0.5349,Amb
V629Y,0.3831,Amb
G630A,0.1277,LBen
G630C,0.2575,LBen
G630D,0.5894,LPath
G630E,0.5712,LPath
G630F,0.6098,LPath
G630H,0.5995,LPath
G630I,0.4,Amb
G630K,0.8507,LPath
G630L,0.4467,Amb
G630M,0.5185,Amb
G630N,0.3616,Amb
G630P,0.5117,Amb
G630Q,0.5101,Amb
G630R,0.697,LPath
G630S,0.1048,LBen
G630T,0.1561,LBen
G630V,0.2342,LBen
G630W,0.588,LPath
G630Y,0.5938,LPath
G631A,0.1004,LBen
G631C,0.163,LBen
G631D,0.2644,LBen
G631E,0.3103,LBen
G631F,0.3857,Amb
G631H,0.4019,Amb
G631I,0.2093,LBen
G631K,0.6934,LPath
G631L,0.2872,LBen
G631M,0.3356,LBen
G631N,0.1779,LBen
G631P,0.4212,Amb
G631Q,0.3588,Amb
G631R,0.5541,Amb
G631S,0.0754,LBen
G631T,0.0999,LBen
G631V,0.1208,LBen
G631W,0.4277,Amb
G631Y,0.3479,Amb
S632A,0.0685,LBen
S632C,0.1063,LBen
S632D,0.3989,Amb
S632E,0.4643,Amb
S632F,0.1731,LBen
S632G,0.0623,LBen
S632H,0.3007,LBen
S632I,0.1601,LBen
S632K,0.6472,LPath
S632L,0.1158,LBen
S632M,0.1693,LBen
S632N,0.1104,LBen
S632P,0.1017,LBen
S632Q,0.353,Amb
S632R,0.5871,LPath
S632T,0.0628,LBen
S632V,0.123,LBen
S632W,0.3442,Amb
S632Y,0.2244,LBen
G633A,0.0879,LBen
G633C,0.1541,LBen
G633D,0.369,Amb
G633E,0.3561,Amb
G633F,0.3832,Amb
G633H,0.3736,Amb
G633I,0.2135,LBen
G633K,0.6401,LPath
G633L,0.2528,LBen
G633M,0.3086,LBen
G633N,0.2112,LBen
G633P,0.3311,LBen
G633Q,0.3237,LBen
G633R,0.4702,Amb
G633S,0.0753,LBen
G633T,0.088,LBen
G633V,0.1213,LBen
G633W,0.3825,Amb
G633Y,0.3735,Amb
G634A,0.0852,LBen
G634C,0.1397,LBen
G634D,0.3258,LBen
G634E,0.3153,LBen
G634F,0.3362,LBen
G634H,0.3643,Amb
G634I,0.1655,LBen
G634K,0.6025,LPath
G634L,0.2192,LBen
G634M,0.2534,LBen
G634N,0.1793,LBen
G634P,0.3141,LBen
G634Q,0.3036,LBen
G634R,0.4587,Amb
G634S,0.0742,LBen
G634T,0.0825,LBen
G634V,0.1039,LBen
G634W,0.3626,Amb
G634Y,0.332,LBen
G635A,0.0782,LBen
G635C,0.1063,LBen
G635D,0.294,LBen
G635E,0.3171,LBen
G635F,0.2724,LBen
G635H,0.2894,LBen
G635I,0.136,LBen
G635K,0.574,LPath
G635L,0.1782,LBen
G635M,0.2119,LBen
G635N,0.1295,LBen
G635P,0.2558,LBen
G635Q,0.2796,LBen
G635R,0.4353,Amb
G635S,0.0591,LBen
G635T,0.0699,LBen
G635V,0.0897,LBen
G635W,0.3236,LBen
G635Y,0.2454,LBen
S636A,0.0792,LBen
S636C,0.0932,LBen
S636D,0.4007,Amb
S636E,0.514,Amb
S636F,0.1913,LBen
S636G,0.0577,LBen
S636H,0.2623,LBen
S636I,0.142,LBen
S636K,0.7025,LPath
S636L,0.1425,LBen
S636M,0.1898,LBen
S636N,0.0976,LBen
S636P,0.1399,LBen
S636Q,0.3525,Amb
S636R,0.6267,LPath
S636T,0.0706,LBen
S636V,0.1159,LBen
S636W,0.3744,Amb
S636Y,0.2295,LBen
F637A,0.1698,LBen
F637C,0.1596,LBen
F637D,0.6337,LPath
F637E,0.6852,LPath
F637G,0.2668,LBen
F637H,0.4449,Amb
F637I,0.0978,LBen
F637K,0.7555,LPath
F637L,0.3449,Amb
F637M,0.2121,LBen
F637N,0.378,Amb
F637P,0.4443,Amb
F637Q,0.4976,Amb
F637R,0.6112,LPath
F637S,0.173,LBen
F637T,0.1987,LBen
F637V,0.0879,LBen
F637W,0.2361,LBen
F637Y,0.1723,LBen
G638A,0.1333,LBen
G638C,0.2675,LBen
G638D,0.5333,Amb
G638E,0.5131,Amb
G638F,0.6567,LPath
G638H,0.5147,Amb
G638I,0.446,Amb
G638K,0.7603,LPath
G638L,0.4619,Amb
G638M,0.5704,LPath
G638N,0.3476,Amb
G638P,0.4807,Amb
G638Q,0.418,Amb
G638R,0.5491,Amb
G638S,0.0942,LBen
G638T,0.1495,LBen
G638V,0.2617,LBen
G638W,0.544,Amb
G638Y,0.5985,LPath
D639A,0.4588,Amb
D639C,0.8264,LPath
D639E,0.1087,LBen
D639F,0.8815,LPath
D639G,0.2673,LBen
D639H,0.593,LPath
D639I,0.8247,LPath
D639K,0.7167,LPath
D639L,0.7837,LPath
D639M,0.8772,LPath
D639N,0.2078,LBen
D639P,0.7051,LPath
D639Q,0.4461,Amb
D639R,0.682,LPath
D639S,0.252,LBen
D639T,0.5094,Amb
D639V,0.6668,LPath
D639W,0.9421,LPath
D639Y,0.6211,LPath
N640A,0.1248,LBen
N640C,0.1939,LBen
N640D,0.2074,LBen
N640E,0.4492,Amb
N640F,0.4687,Amb
N640G,0.0959,LBen
N640H,0.1192,LBen
N640I,0.3002,LBen
N640K,0.4419,Amb
N640L,0.2561,LBen
N640M,0.3588,Amb
N640P,0.202,LBen
N640Q,0.2622,LBen
N640R,0.4167,Amb
N640S,0.0523,LBen
N640T,0.08,LBen
N640V,0.2405,LBen
N640W,0.7074,LPath
N640Y,0.2184,LBen
L641A,0.1819,LBen
L641C,0.5347,Amb
L641D,0.7433,LPath
L641E,0.5427,Amb
L641F,0.108,LBen
L641G,0.3873,Amb
L641H,0.2822,LBen
L641I,0.089,LBen
L641K,0.523,Amb
L641M,0.0977,LBen
L641N,0.4072,Amb
L641P,0.2169,LBen
L641Q,0.2244,LBen
L641R,0.3397,LBen
L641S,0.2949,LBen
L641T,0.1896,LBen
L641V,0.0785,LBen
L641W,0.2394,LBen
L641Y,0.324,LBen
V642A,0.1991,LBen
V642C,0.6951,LPath
V642D,0.6057,LPath
V642E,0.5289,Amb
V642F,0.1332,LBen
V642G,0.1626,LBen
V642H,0.5865,LPath
V642I,0.0965,LBen
V642K,0.6191,LPath
V642L,0.1227,LBen
V642M,0.1734,LBen
V642N,0.3504,Amb
V642P,0.3264,LBen
V642Q,0.3557,Amb
V642R,0.521,Amb
V642S,0.2468,LBen
V642T,0.2716,LBen
V642W,0.7101,LPath
V642Y,0.5228,Amb
T643A,0.0848,LBen
T643C,0.4347,Amb
T643D,0.5517,Amb
T643E,0.5367,Amb
T643F,0.469,Amb
T643G,0.1139,LBen
T643H,0.2677,LBen
T643I,0.4865,Amb
T643K,0.4278,Amb
T643L,0.2255,LBen
T643M,0.2278,LBen
T643N,0.1269,LBen
T643P,0.072,LBen
T643Q,0.236,LBen
T643R,0.3608,Amb
T643S,0.0754,LBen
T643V,0.2994,LBen
T643W,0.722,LPath
T643Y,0.4972,Amb
R644A,0.6623,LPath
R644C,0.516,Amb
R644D,0.7736,LPath
R644E,0.6492,LPath
R644F,0.8928,LPath
R644G,0.3417,Amb
R644H,0.1912,LBen
R644I,0.8699,LPath
R644K,0.1971,LBen
R644L,0.6945,LPath
R644M,0.8528,LPath
R644N,0.7198,LPath
R644P,0.4265,Amb
R644Q,0.194,LBen
R644S,0.6392,LPath
R644T,0.6081,LPath
R644V,0.8132,LPath
R644W,0.5949,LPath
R644Y,0.7363,LPath
S645A,0.1675,LBen
S645C,0.2636,LBen
S645D,0.7157,LPath
S645E,0.8411,LPath
S645F,0.6657,LPath
S645G,0.101,LBen
S645H,0.5264,Amb
S645I,0.688,LPath
S645K,0.8998,LPath
S645L,0.4832,Amb
S645M,0.5538,Amb
S645N,0.1906,LBen
S645P,0.2783,LBen
S645Q,0.6508,LPath
S645R,0.867,LPath
S645T,0.1044,LBen
S645V,0.5394,Amb
S645W,0.6756,LPath
S645Y,0.5259,Amb
Y646A,0.6835,LPath
Y646C,0.2999,LBen
Y646D,0.8514,LPath
Y646E,0.945,LPath
Y646F,0.098,LBen
Y646G,0.6317,LPath
Y646H,0.5551,Amb
Y646I,0.6434,LPath
Y646K,0.9433,LPath
Y646L,0.585,LPath
Y646M,0.768,LPath
Y646N,0.643,LPath
Y646P,0.8021,LPath
Y646Q,0.868,LPath
Y646R,0.8372,LPath
Y646S,0.4623,Amb
Y646T,0.6795,LPath
Y646V,0.4619,Amb
Y646W,0.4224,Amb
L647A,0.4262,Amb
L647C,0.647,LPath
L647D,0.9246,LPath
L647E,0.797,LPath
L647F,0.1429,LBen
L647G,0.7413,LPath
L647H,0.4503,Amb
L647I,0.0645,LBen
L647K,0.6857,LPath
L647M,0.1338,LBen
L647N,0.6675,LPath
L647P,0.574,LPath
L647Q,0.397,Amb
L647R,0.486,Amb
L647S,0.5994,LPath
L647T,0.4692,Amb
L647V,0.074,LBen
L647W,0.4157,Amb
L647Y,0.4592,Amb
L648A,0.2977,LBen
L648C,0.5995,LPath
L648D,0.8773,LPath
L648E,0.6944,LPath
L648F,0.1381,LBen
L648G,0.5282,Amb
L648H,0.4275,Amb
L648I,0.1261,LBen
L648K,0.5779,LPath
L648M,0.1323,LBen
L648N,0.6589,LPath
L648P,0.3311,LBen
L648Q,0.2948,LBen
L648R,0.3691,Amb
L648S,0.4574,Amb
L648T,0.3176,LBen
L648V,0.1015,LBen
L648W,0.2728,LBen
L648Y,0.4779,Amb
G649A,0.2605,LBen
G649C,0.4731,Amb
G649D,0.6446,LPath
G649E,0.6719,LPath
G649F,0.8283,LPath
G649H,0.6808,LPath
G649I,0.7558,LPath
G649K,0.8607,LPath
G649L,0.7125,LPath
G649M,0.8102,LPath
G649N,0.4746,Amb
G649P,0.7094,LPath
G649Q,0.5927,LPath
G649R,0.7138,LPath
G649S,0.1673,LBen
G649T,0.3544,Amb
G649V,0.5378,Amb
G649W,0.7172,LPath
G649Y,0.7493,LPath
N650A,0.1483,LBen
N650C,0.2128,LBen
N650D,0.1964,LBen
N650E,0.4338,Amb
N650F,0.4627,Amb
N650G,0.117,LBen
N650H,0.1058,LBen
N650I,0.3091,LBen
N650K,0.3329,LBen
N650L,0.2676,LBen
N650M,0.4062,Amb
N650P,0.1923,LBen
N650Q,0.2473,LBen
N650R,0.2973,LBen
N650S,0.0618,LBen
N650T,0.1062,LBen
N650V,0.2461,LBen
N650W,0.6728,LPath
N650Y,0.1922,LBen
S651A,0.0731,LBen
S651C,0.1348,LBen
S651D,0.4396,Amb
S651E,0.5724,LPath
S651F,0.2505,LBen
S651G,0.0713,LBen
S651H,0.2832,LBen
S651I,0.2565,LBen
S651K,0.6259,LPath
S651L,0.1787,LBen
S651M,0.2856,LBen
S651N,0.1319,LBen
S651P,0.1362,LBen
S651Q,0.3763,Amb
S651R,0.5348,Amb
S651T,0.075,LBen
S651V,0.1805,LBen
S651W,0.4207,Amb
S651Y,0.2456,LBen
S652A,0.0776,LBen
S652C,0.1025,LBen
S652D,0.2803,LBen
S652E,0.3064,LBen
S652F,0.1888,LBen
S652G,0.0667,LBen
S652H,0.118,LBen
S652I,0.1449,LBen
S652K,0.2042,LBen
S652L,0.1316,LBen
S652M,0.188,LBen
S652N,0.0873,LBen
S652P,0.12,LBen
S652Q,0.1379,LBen
S652R,0.1518,LBen
S652T,0.068,LBen
S652V,0.1213,LBen
S652W,0.2475,LBen
S652Y,0.1638,LBen
P653A,0.0763,LBen
P653C,0.3638,Amb
P653D,0.4086,Amb
P653E,0.255,LBen
P653F,0.3743,Amb
P653G,0.1405,LBen
P653H,0.1172,LBen
P653I,0.2895,LBen
P653K,0.1786,LBen
P653L,0.1529,LBen
P653M,0.3186,LBen
P653N,0.2127,LBen
P653Q,0.0778,LBen
P653R,0.0872,LBen
P653S,0.0846,LBen
P653T,0.0919,LBen
P653V,0.1703,LBen
P653W,0.4804,Amb
P653Y,0.3469,Amb
R654A,0.526,Amb
R654C,0.549,Amb
R654D,0.7613,LPath
R654E,0.5613,Amb
R654F,0.7636,LPath
R654G,0.3344,LBen
R654H,0.2625,LBen
R654I,0.6467,LPath
R654K,0.1975,LBen
R654L,0.5046,Amb
R654M,0.7279,LPath
R654N,0.7594,LPath
R654P,0.4633,Amb
R654Q,0.2044,LBen
R654S,0.6775,LPath
R654T,0.5807,LPath
R654V,0.5816,LPath
R654W,0.5677,LPath
R654Y,0.6672,LPath
T655A,0.0615,LBen
T655C,0.2723,LBen
T655D,0.2683,LBen
T655E,0.2108,LBen
T655F,0.1866,LBen
T655G,0.0873,LBen
T655H,0.1072,LBen
T655I,0.1455,LBen
T655K,0.0953,LBen
T655L,0.0968,LBen
T655M,0.1118,LBen
T655N,0.0777,LBen
T655P,0.0697,LBen
T655Q,0.0821,LBen
T655R,0.0793,LBen
T655S,0.0673,LBen
T655V,0.104,LBen
T655W,0.3549,Amb
T655Y,0.1804,LBen
Q656A,0.1056,LBen
Q656C,0.5148,Amb
Q656D,0.2573,LBen
Q656E,0.1229,LBen
Q656F,0.5198,Amb
Q656G,0.1295,LBen
Q656H,0.1453,LBen
Q656I,0.3192,LBen
Q656K,0.1325,LBen
Q656L,0.1623,LBen
Q656M,0.3397,LBen
Q656N,0.164,LBen
Q656P,0.0788,LBen
Q656R,0.1163,LBen
Q656S,0.1058,LBen
Q656T,0.121,LBen
Q656V,0.1819,LBen
Q656W,0.5476,Amb
Q656Y,0.3724,Amb
S657A,0.0619,LBen
S657C,0.109,LBen
S657D,0.2733,LBen
S657E,0.2819,LBen
S657F,0.1503,LBen
S657G,0.0575,LBen
S657H,0.1584,LBen
S657I,0.1077,LBen
S657K,0.2748,LBen
S657L,0.1039,LBen
S657M,0.1408,LBen
S657N,0.0844,LBen
S657P,0.0888,LBen
S657Q,0.1626,LBen
S657R,0.2626,LBen
S657T,0.0633,LBen
S657V,0.0915,LBen
S657W,0.2877,LBen
S657Y,0.1557,LBen
P658A,0.0598,LBen
P658C,0.2902,LBen
P658D,0.3089,LBen
P658E,0.2112,LBen
P658F,0.2778,LBen
P658G,0.119,LBen
P658H,0.1065,LBen
P658I,0.1593,LBen
P658K,0.1767,LBen
P658L,0.1081,LBen
P658M,0.209,LBen
P658N,0.1557,LBen
P658Q,0.0758,LBen
P658R,0.103,LBen
P658S,0.0702,LBen
P658T,0.0702,LBen
P658V,0.0971,LBen
P658W,0.4125,Amb
P658Y,0.2638,LBen
Q659A,0.1278,LBen
Q659C,0.5463,Amb
Q659D,0.2926,LBen
Q659E,0.1106,LBen
Q659F,0.6176,LPath
Q659G,0.147,LBen
Q659H,0.1712,LBen
Q659I,0.4204,Amb
Q659K,0.1122,LBen
Q659L,0.1952,LBen
Q659M,0.3973,Amb
Q659N,0.2074,LBen
Q659P,0.094,LBen
Q659R,0.107,LBen
Q659S,0.1302,LBen
Q659T,0.1554,LBen
Q659V,0.2396,LBen
Q659W,0.5598,Amb
Q659Y,0.4392,Amb
N660A,0.1784,LBen
N660C,0.3523,Amb
N660D,0.2015,LBen
N660E,0.4068,Amb
N660F,0.5863,LPath
N660G,0.1714,LBen
N660H,0.1357,LBen
N660I,0.3384,LBen
N660K,0.3488,Amb
N660L,0.3443,Amb
N660M,0.4653,Amb
N660P,0.1916,LBen
N660Q,0.2676,LBen
N660R,0.3462,Amb
N660S,0.0952,LBen
N660T,0.1328,LBen
N660V,0.2722,LBen
N660W,0.7982,LPath
N660Y,0.2388,LBen
C661A,0.9182,LPath
C661D,0.9789,LPath
C661E,0.9896,LPath
C661F,0.894,LPath
C661G,0.8002,LPath
C661H,0.9704,LPath
C661I,0.9717,LPath
C661K,0.9932,LPath
C661L,0.9336,LPath
C661M,0.9771,LPath
C661N,0.971,LPath
C661P,0.9649,LPath
C661Q,0.9818,LPath
C661R,0.9695,LPath
C661S,0.9416,LPath
C661T,0.9563,LPath
C661V,0.9431,LPath
C661W,0.9739,LPath
C661Y,0.9405,LPath
S662A,0.0908,LBen
S662C,0.236,LBen
S662D,0.6982,LPath
S662E,0.7277,LPath
S662F,0.5063,Amb
S662G,0.138,LBen
S662H,0.5185,Amb
S662I,0.5037,Amb
S662K,0.8469,LPath
S662L,0.3601,Amb
S662M,0.4956,Amb
S662N,0.319,LBen
S662P,0.2211,LBen
S662Q,0.564,LPath
S662R,0.7709,LPath
S662T,0.1334,LBen
S662V,0.3691,Amb
S662W,0.6504,LPath
S662Y,0.4691,Amb
I663A,0.6861,LPath
I663C,0.8921,LPath
I663D,0.9439,LPath
I663E,0.9213,LPath
I663F,0.3358,LBen
I663G,0.8811,LPath
I663H,0.8811,LPath
I663K,0.899,LPath
I663L,0.1906,LBen
I663M,0.3012,LBen
I663N,0.8088,LPath
I663P,0.7999,LPath
I663Q,0.8577,LPath
I663R,0.8085,LPath
I663S,0.7603,LPath
I663T,0.8144,LPath
I663V,0.1593,LBen
I663W,0.864,LPath
I663Y,0.7304,LPath
M664A,0.6137,LPath
M664C,0.4592,Amb
M664D,0.959,LPath
M664E,0.8835,LPath
M664F,0.3278,LBen
M664G,0.7026,LPath
M664H,0.796,LPath
M664I,0.7114,LPath
M664K,0.7685,LPath
M664L,0.2433,LBen
M664N,0.8124,LPath
M664P,0.7421,LPath
M664Q,0.4905,Amb
M664R,0.6962,LPath
M664S,0.5835,LPath
M664T,0.6909,LPath
M664V,0.211,LBen
M664W,0.7045,LPath
M664Y,0.6947,LPath
